n_estimators,max_depth,min_samples_split,min_samples_leaf,max_features,Modelo,Metodo,ETF,date
50,24,6,3,log2,RFR,5,XLI,2022-12-31
56,29,2,3,log2,RFR,5,XLB,2022-12-31
50,13,6,2,sqrt,RFR,5,XLY,2022-12-31
56,13,3,3,log2,RFR,5,IYR,2022-12-31
175,20,5,3,sqrt,RFR,5,XLP,2022-12-31
61,22,5,3,log2,RFR,5,XLK,2022-12-31
98,13,6,3,log2,RFR,5,SPY,2022-12-31
103,30,6,3,sqrt,RFR,5,VOX,2022-12-31
50,14,2,3,log2,RFR,5,XLE,2022-12-31
156,20,3,3,sqrt,RFR,5,XLF,2022-12-31
167,22,2,3,log2,RFR,5,XLV,2022-12-31
199,16,5,3,log2,RFR,5,XLU,2022-12-31
54,19,3,3,sqrt,RFR,5,XLB,2023-01-31
56,25,3,3,log2,RFR,5,XLI,2023-01-31
76,17,3,3,log2,RFR,5,XLK,2023-01-31
83,20,2,3,sqrt,RFR,5,XLU,2023-01-31
51,21,4,3,sqrt,RFR,5,XLF,2023-01-31
116,25,6,1,log2,RFR,5,IYR,2023-01-31
105,19,3,2,sqrt,RFR,5,XLY,2023-01-31
148,15,5,3,log2,RFR,5,XLE,2023-01-31
198,15,3,3,sqrt,RFR,5,SPY,2023-01-31
148,17,4,2,sqrt,RFR,5,XLP,2023-01-31
172,15,2,3,sqrt,RFR,5,XLV,2023-01-31
200,22,2,3,log2,RFR,5,VOX,2023-01-31
56,24,3,3,log2,RFR,5,XLF,2023-02-28
50,16,6,3,log2,RFR,5,XLI,2023-02-28
84,26,5,3,log2,RFR,5,SPY,2023-02-28
65,14,3,3,log2,RFR,5,XLU,2023-02-28
60,15,2,2,sqrt,RFR,5,IYR,2023-02-28
96,22,2,3,sqrt,RFR,5,XLK,2023-02-28
54,30,5,3,sqrt,RFR,5,VOX,2023-02-28
150,10,3,2,log2,RFR,5,XLY,2023-02-28
196,23,3,2,log2,RFR,5,XLP,2023-02-28
196,23,5,3,sqrt,RFR,5,XLE,2023-02-28
175,20,2,3,sqrt,RFR,5,XLB,2023-02-28
199,16,6,3,log2,RFR,5,XLV,2023-02-28
71,17,6,2,log2,RFR,5,XLF,2023-03-31
53,25,6,3,sqrt,RFR,5,XLU,2023-03-31
83,15,2,3,log2,RFR,5,XLK,2023-03-31
176,17,6,3,sqrt,RFR,5,SPY,2023-03-31
176,10,6,1,sqrt,RFR,5,IYR,2023-03-31
172,25,2,3,sqrt,RFR,5,VOX,2023-03-31
200,24,3,3,sqrt,RFR,5,XLB,2023-03-31
148,13,3,2,sqrt,RFR,5,XLP,2023-03-31
152,26,2,3,sqrt,RFR,5,XLI,2023-03-31
169,15,6,3,log2,RFR,5,XLV,2023-03-31
184,30,6,3,log2,RFR,5,XLY,2023-03-31
193,27,5,3,sqrt,RFR,5,XLE,2023-03-31
59,20,2,3,log2,RFR,5,XLI,2023-04-30
62,15,4,3,sqrt,RFR,5,XLU,2023-04-30
83,13,5,3,sqrt,RFR,5,XLB,2023-04-30
93,10,5,3,log2,RFR,5,XLF,2023-04-30
57,10,6,1,sqrt,RFR,5,IYR,2023-04-30
87,22,3,1,sqrt,RFR,5,XLP,2023-04-30
175,17,6,3,log2,RFR,5,XLK,2023-04-30
153,25,3,3,sqrt,RFR,5,SPY,2023-04-30
158,30,6,3,log2,RFR,5,XLV,2023-04-30
200,30,2,3,sqrt,RFR,5,XLE,2023-04-30
163,25,3,3,sqrt,RFR,5,VOX,2023-04-30
200,12,4,2,log2,RFR,5,XLY,2023-04-30
55,27,6,3,log2,RFR,5,XLK,2023-05-31
77,23,2,3,log2,RFR,5,XLU,2023-05-31
71,25,5,3,sqrt,RFR,5,XLF,2023-05-31
52,10,2,3,sqrt,RFR,5,XLB,2023-05-31
104,22,3,3,log2,RFR,5,XLI,2023-05-31
97,14,2,3,log2,RFR,5,VOX,2023-05-31
66,30,4,3,log2,RFR,5,IYR,2023-05-31
126,16,3,2,sqrt,RFR,5,XLY,2023-05-31
200,18,5,3,sqrt,RFR,5,SPY,2023-05-31
151,10,5,3,sqrt,RFR,5,XLE,2023-05-31
196,25,3,3,log2,RFR,5,XLV,2023-05-31
200,13,3,1,sqrt,RFR,5,XLP,2023-05-31
52,28,5,3,sqrt,RFR,5,XLF,2023-06-30
73,15,3,3,log2,RFR,5,XLB,2023-06-30
80,19,3,3,sqrt,RFR,5,XLU,2023-06-30
102,20,2,3,sqrt,RFR,5,XLI,2023-06-30
95,10,3,3,sqrt,RFR,5,VOX,2023-06-30
173,24,2,3,sqrt,RFR,5,XLK,2023-06-30
199,17,5,3,sqrt,RFR,5,SPY,2023-06-30
164,24,2,2,log2,RFR,5,XLY,2023-06-30
180,15,3,3,log2,RFR,5,XLE,2023-06-30
186,10,6,1,sqrt,RFR,5,IYR,2023-06-30
200,30,4,3,sqrt,RFR,5,XLV,2023-06-30
199,30,2,1,log2,RFR,5,XLP,2023-06-30
63,16,3,3,log2,RFR,5,XLB,2023-07-31
55,10,6,3,sqrt,RFR,5,XLF,2023-07-31
93,21,6,3,log2,RFR,5,XLI,2023-07-31
72,14,3,3,sqrt,RFR,5,VOX,2023-07-31
179,20,6,3,sqrt,RFR,5,XLU,2023-07-31
172,21,6,3,sqrt,RFR,5,XLK,2023-07-31
199,10,6,3,log2,RFR,5,SPY,2023-07-31
170,15,2,1,log2,RFR,5,XLP,2023-07-31
172,13,3,2,sqrt,RFR,5,XLY,2023-07-31
197,16,6,1,sqrt,RFR,5,IYR,2023-07-31
173,21,2,3,log2,RFR,5,XLE,2023-07-31
198,18,6,3,log2,RFR,5,XLV,2023-07-31
74,10,2,3,sqrt,RFR,5,XLK,2023-08-31
76,15,3,3,log2,RFR,5,XLB,2023-08-31
50,13,3,3,sqrt,RFR,5,VOX,2023-08-31
96,10,3,3,log2,RFR,5,XLU,2023-08-31
50,21,3,3,sqrt,RFR,5,XLF,2023-08-31
158,14,3,3,log2,RFR,5,XLI,2023-08-31
64,29,6,1,log2,RFR,5,IYR,2023-08-31
174,18,3,3,log2,RFR,5,XLV,2023-08-31
115,30,3,3,log2,RFR,5,XLY,2023-08-31
200,11,3,3,sqrt,RFR,5,XLE,2023-08-31
177,26,5,3,log2,RFR,5,SPY,2023-08-31
170,13,4,1,sqrt,RFR,5,XLP,2023-08-31
72,18,4,3,sqrt,RFR,5,XLF,2023-09-30
62,28,5,3,sqrt,RFR,5,XLK,2023-09-30
76,19,4,3,sqrt,RFR,5,XLU,2023-09-30
56,27,6,3,log2,RFR,5,SPY,2023-09-30
103,25,5,1,sqrt,RFR,5,IYR,2023-09-30
55,21,6,3,log2,RFR,5,XLB,2023-09-30
171,21,3,3,log2,RFR,5,XLI,2023-09-30
156,30,2,3,sqrt,RFR,5,XLY,2023-09-30
150,23,6,3,log2,RFR,5,VOX,2023-09-30
186,16,6,3,sqrt,RFR,5,XLV,2023-09-30
200,13,6,3,sqrt,RFR,5,XLE,2023-09-30
174,15,3,1,sqrt,RFR,5,XLP,2023-09-30
67,25,3,3,log2,RFR,5,SPY,2023-10-31
67,11,3,3,log2,RFR,5,XLB,2023-10-31
70,17,4,3,log2,RFR,5,XLF,2023-10-31
57,12,3,3,log2,RFR,5,VOX,2023-10-31
53,29,3,1,log2,RFR,5,XLP,2023-10-31
92,24,4,3,log2,RFR,5,XLY,2023-10-31
179,12,2,3,sqrt,RFR,5,XLV,2023-10-31
59,19,6,3,log2,RFR,5,IYR,2023-10-31
157,27,5,3,log2,RFR,5,XLE,2023-10-31
178,26,5,3,log2,RFR,5,XLK,2023-10-31
199,10,6,2,log2,RFR,5,XLI,2023-10-31
199,30,3,3,log2,RFR,5,XLU,2023-10-31
56,20,4,3,sqrt,RFR,5,SPY,2023-11-30
50,18,4,3,sqrt,RFR,5,XLB,2023-11-30
112,10,3,3,log2,RFR,5,VOX,2023-11-30
104,27,3,3,log2,RFR,5,XLF,2023-11-30
179,27,6,3,log2,RFR,5,XLI,2023-11-30
154,21,2,3,log2,RFR,5,XLE,2023-11-30
170,12,3,3,sqrt,RFR,5,XLK,2023-11-30
177,13,6,2,log2,RFR,5,IYR,2023-11-30
198,30,4,3,sqrt,RFR,5,XLU,2023-11-30
167,19,3,2,log2,RFR,5,XLY,2023-11-30
200,22,2,3,sqrt,RFR,5,XLV,2023-11-30
175,19,3,1,sqrt,RFR,5,XLP,2023-11-30
52,10,2,3,log2,RFR,5,XLI,2023-12-31
89,25,5,3,log2,RFR,5,SPY,2023-12-31
50,21,2,3,sqrt,RFR,5,VOX,2023-12-31
55,20,3,1,sqrt,RFR,5,XLP,2023-12-31
56,13,5,3,sqrt,RFR,5,XLB,2023-12-31
87,22,4,3,log2,RFR,5,XLU,2023-12-31
102,22,4,3,log2,RFR,5,XLF,2023-12-31
171,22,2,3,log2,RFR,5,XLK,2023-12-31
168,22,3,2,log2,RFR,5,XLY,2023-12-31
152,14,2,3,log2,RFR,5,XLE,2023-12-31
199,23,4,3,log2,RFR,5,XLV,2023-12-31
200,23,6,1,sqrt,RFR,5,IYR,2023-12-31
50,12,2,3,sqrt,RFR,5,XLE,2022-12-31
51,14,5,3,sqrt,RFR,5,XLE,2022-12-31
68,27,6,2,sqrt,RFR,5,XLB,2022-12-31
76,24,5,2,sqrt,RFR,5,XLB,2022-12-31
50,15,2,1,log2,RFR,5,XLI,2022-12-31
127,30,5,3,sqrt,RFR,5,XLE,2022-12-31
96,24,2,1,log2,RFR,5,XLI,2022-12-31
200,22,2,3,log2,RFR,5,XLB,2022-12-31
147,23,3,1,log2,RFR,5,XLI,2022-12-31
165,30,5,2,sqrt,RFR,5,XLK,2022-12-31
59,15,4,3,sqrt,RFR,5,XLE,2022-12-31
147,25,5,3,sqrt,RFR,5,XLK,2022-12-31
166,18,5,3,log2,RFR,5,XLK,2022-12-31
50,15,4,2,sqrt,RFR,5,XLI,2022-12-31
75,23,6,3,sqrt,RFR,5,XLB,2022-12-31
92,15,5,2,log2,RFR,5,XLK,2022-12-31
78,12,3,2,log2,RFR,5,XLF,2022-12-31
180,18,4,3,sqrt,RFR,5,XLF,2022-12-31
87,18,5,2,log2,RFR,5,XLP,2022-12-31
130,23,6,3,sqrt,RFR,5,XLP,2022-12-31
150,19,4,3,sqrt,RFR,5,XLF,2022-12-31
99,24,2,1,log2,RFR,5,XLY,2022-12-31
138,18,3,1,sqrt,RFR,5,XLY,2022-12-31
73,18,2,3,sqrt,RFR,5,XLV,2022-12-31
80,27,6,2,log2,RFR,5,XLY,2022-12-31
105,17,3,3,sqrt,RFR,5,XLP,2022-12-31
175,19,6,2,sqrt,RFR,5,XLF,2022-12-31
150,14,6,3,sqrt,RFR,5,XLP,2022-12-31
199,19,5,3,log2,RFR,5,XLV,2022-12-31
106,14,6,3,sqrt,RFR,5,XLY,2022-12-31
81,20,6,3,sqrt,RFR,5,XLV,2022-12-31
197,25,6,3,log2,RFR,5,XLU,2022-12-31
149,11,6,3,sqrt,RFR,5,XLV,2022-12-31
123,16,3,3,sqrt,RFR,5,XLU,2022-12-31
106,18,6,3,log2,RFR,5,IYR,2022-12-31
99,15,6,3,log2,RFR,5,IYR,2022-12-31
69,24,6,2,log2,RFR,5,IYR,2022-12-31
82,29,4,2,sqrt,RFR,5,VOX,2022-12-31
198,21,6,3,sqrt,RFR,5,XLU,2022-12-31
83,12,4,3,sqrt,RFR,5,XLU,2022-12-31
53,30,3,1,sqrt,RFR,5,VOX,2022-12-31
134,19,4,3,sqrt,RFR,5,VOX,2022-12-31
143,23,4,3,sqrt,RFR,5,IYR,2022-12-31
70,27,5,3,log2,RFR,5,SPY,2022-12-31
57,27,3,2,sqrt,RFR,5,VOX,2022-12-31
171,16,6,3,sqrt,RFR,5,SPY,2022-12-31
134,13,5,3,sqrt,RFR,5,SPY,2022-12-31
50,19,3,3,sqrt,RFR,5,SPY,2022-12-31
69,23,3,3,log2,RFR,5,XLE,2023-01-31
52,19,5,2,sqrt,RFR,5,XLB,2023-01-31
63,22,3,3,log2,RFR,5,XLB,2023-01-31
113,16,5,3,sqrt,RFR,5,XLE,2023-01-31
50,30,6,2,sqrt,RFR,5,XLI,2023-01-31
64,18,2,3,log2,RFR,5,XLI,2023-01-31
51,13,5,3,sqrt,RFR,5,XLK,2023-01-31
67,26,4,3,log2,RFR,5,XLB,2023-01-31
78,20,6,1,sqrt,RFR,5,XLI,2023-01-31
184,25,3,3,log2,RFR,5,XLE,2023-01-31
105,25,3,2,sqrt,RFR,5,XLK,2023-01-31
56,11,2,3,sqrt,RFR,5,XLE,2023-01-31
55,21,4,3,log2,RFR,5,XLB,2023-01-31
175,10,6,3,sqrt,RFR,5,XLK,2023-01-31
55,10,2,2,sqrt,RFR,5,XLI,2023-01-31
98,18,3,3,log2,RFR,5,XLK,2023-01-31
63,20,4,3,sqrt,RFR,5,XLF,2023-01-31
52,24,2,2,log2,RFR,5,XLF,2023-01-31
134,14,3,1,sqrt,RFR,5,XLF,2023-01-31
73,20,4,1,log2,RFR,5,XLY,2023-01-31
71,30,3,3,sqrt,RFR,5,XLP,2023-01-31
72,29,6,3,log2,RFR,5,XLP,2023-01-31
143,15,2,3,sqrt,RFR,5,XLP,2023-01-31
116,17,5,2,sqrt,RFR,5,XLY,2023-01-31
65,17,6,3,sqrt,RFR,5,XLV,2023-01-31
136,26,6,2,log2,RFR,5,XLY,2023-01-31
137,18,5,3,log2,RFR,5,XLF,2023-01-31
170,30,4,3,log2,RFR,5,XLV,2023-01-31
86,10,4,3,sqrt,RFR,5,XLY,2023-01-31
173,23,3,2,log2,RFR,5,XLP,2023-01-31
196,21,4,3,log2,RFR,5,XLV,2023-01-31
50,30,6,3,log2,RFR,5,XLU,2023-01-31
50,27,3,3,sqrt,RFR,5,IYR,2023-01-31
56,17,4,2,log2,RFR,5,IYR,2023-01-31
199,16,5,3,sqrt,RFR,5,XLV,2023-01-31
184,22,4,3,log2,RFR,5,XLU,2023-01-31
138,14,2,1,sqrt,RFR,5,XLU,2023-01-31
57,30,3,3,log2,RFR,5,IYR,2023-01-31
65,15,5,3,log2,RFR,5,XLU,2023-01-31
50,20,5,1,sqrt,RFR,5,IYR,2023-01-31
55,15,4,3,log2,RFR,5,SPY,2023-01-31
83,24,2,2,log2,RFR,5,SPY,2023-01-31
199,18,5,3,sqrt,RFR,5,VOX,2023-01-31
93,30,6,1,sqrt,RFR,5,VOX,2023-01-31
200,16,2,3,sqrt,RFR,5,VOX,2023-01-31
199,24,5,2,sqrt,RFR,5,SPY,2023-01-31
167,19,3,3,sqrt,RFR,5,VOX,2023-01-31
163,30,5,2,log2,RFR,5,SPY,2023-01-31
67,15,6,3,log2,RFR,5,XLB,2023-02-28
50,23,6,2,log2,RFR,5,XLI,2023-02-28
50,16,2,3,sqrt,RFR,5,XLI,2023-02-28
77,26,5,2,sqrt,RFR,5,XLB,2023-02-28
141,26,2,3,log2,RFR,5,XLE,2023-02-28
53,14,2,3,log2,RFR,5,XLI,2023-02-28
109,27,3,3,log2,RFR,5,XLE,2023-02-28
199,30,3,3,log2,RFR,5,XLE,2023-02-28
56,23,2,3,log2,RFR,5,XLE,2023-02-28
86,17,4,3,log2,RFR,5,XLK,2023-02-28
199,16,2,3,log2,RFR,5,XLB,2023-02-28
80,15,6,3,sqrt,RFR,5,XLB,2023-02-28
156,10,6,3,log2,RFR,5,XLK,2023-02-28
68,21,4,2,log2,RFR,5,XLI,2023-02-28
169,26,6,3,sqrt,RFR,5,XLK,2023-02-28
103,14,2,3,sqrt,RFR,5,XLK,2023-02-28
51,23,3,3,log2,RFR,5,XLF,2023-02-28
76,28,2,3,sqrt,RFR,5,XLP,2023-02-28
70,24,5,2,sqrt,RFR,5,XLF,2023-02-28
70,28,5,3,log2,RFR,5,XLP,2023-02-28
160,19,4,3,log2,RFR,5,XLF,2023-02-28
193,24,2,3,sqrt,RFR,5,XLP,2023-02-28
58,30,5,3,sqrt,RFR,5,XLF,2023-02-28
74,17,3,2,sqrt,RFR,5,XLP,2023-02-28
76,22,4,1,sqrt,RFR,5,XLY,2023-02-28
186,24,2,2,log2,RFR,5,XLY,2023-02-28
62,30,6,3,sqrt,RFR,5,XLV,2023-02-28
187,20,6,3,sqrt,RFR,5,XLY,2023-02-28
165,17,3,3,log2,RFR,5,XLV,2023-02-28
172,19,3,3,sqrt,RFR,5,XLY,2023-02-28
60,26,3,3,log2,RFR,5,XLU,2023-02-28
172,21,3,3,log2,RFR,5,XLV,2023-02-28
160,15,2,3,sqrt,RFR,5,XLU,2023-02-28
68,29,6,2,log2,RFR,5,XLU,2023-02-28
62,11,3,2,sqrt,RFR,5,IYR,2023-02-28
54,10,5,2,sqrt,RFR,5,IYR,2023-02-28
95,16,5,3,log2,RFR,5,XLU,2023-02-28
194,21,5,3,log2,RFR,5,XLV,2023-02-28
104,16,5,3,sqrt,RFR,5,IYR,2023-02-28
51,22,6,2,log2,RFR,5,VOX,2023-02-28
55,11,5,1,log2,RFR,5,IYR,2023-02-28
199,25,5,3,log2,RFR,5,VOX,2023-02-28
177,23,4,3,log2,RFR,5,VOX,2023-02-28
54,29,4,3,sqrt,RFR,5,VOX,2023-02-28
50,18,3,3,log2,RFR,5,SPY,2023-02-28
141,10,4,1,log2,RFR,5,SPY,2023-02-28
199,14,4,3,sqrt,RFR,5,SPY,2023-02-28
153,15,2,3,log2,RFR,5,SPY,2023-02-28
50,30,2,3,log2,RFR,5,XLB,2023-03-31
138,10,4,3,sqrt,RFR,5,XLE,2023-03-31
112,22,2,3,sqrt,RFR,5,XLB,2023-03-31
82,27,2,3,log2,RFR,5,XLI,2023-03-31
73,24,5,2,log2,RFR,5,XLI,2023-03-31
139,17,5,1,sqrt,RFR,5,XLI,2023-03-31
182,13,5,3,log2,RFR,5,XLE,2023-03-31
181,19,3,3,log2,RFR,5,XLE,2023-03-31
167,30,4,3,log2,RFR,5,XLB,2023-03-31
54,15,5,2,log2,RFR,5,XLI,2023-03-31
70,19,5,3,sqrt,RFR,5,XLB,2023-03-31
177,24,2,3,log2,RFR,5,XLK,2023-03-31
87,12,6,3,sqrt,RFR,5,XLK,2023-03-31
172,21,4,3,sqrt,RFR,5,XLK,2023-03-31
172,29,5,3,sqrt,RFR,5,XLE,2023-03-31
50,23,5,3,log2,RFR,5,XLF,2023-03-31
64,13,5,2,log2,RFR,5,XLF,2023-03-31
200,17,6,3,sqrt,RFR,5,XLK,2023-03-31
71,30,4,3,sqrt,RFR,5,XLP,2023-03-31
127,28,5,3,log2,RFR,5,XLF,2023-03-31
150,22,3,2,sqrt,RFR,5,XLP,2023-03-31
100,10,5,1,log2,RFR,5,XLY,2023-03-31
127,10,5,1,log2,RFR,5,XLY,2023-03-31
170,10,4,3,log2,RFR,5,XLP,2023-03-31
88,30,5,3,log2,RFR,5,XLV,2023-03-31
81,12,6,3,sqrt,RFR,5,XLF,2023-03-31
113,14,2,2,log2,RFR,5,XLP,2023-03-31
172,27,3,3,sqrt,RFR,5,XLY,2023-03-31
190,10,4,3,log2,RFR,5,XLV,2023-03-31
172,16,3,3,sqrt,RFR,5,XLY,2023-03-31
176,10,2,3,log2,RFR,5,XLV,2023-03-31
181,24,3,3,sqrt,RFR,5,XLU,2023-03-31
100,19,4,3,sqrt,RFR,5,XLU,2023-03-31
199,30,5,3,log2,RFR,5,XLV,2023-03-31
74,30,6,2,sqrt,RFR,5,IYR,2023-03-31
176,22,6,2,log2,RFR,5,XLU,2023-03-31
105,30,5,3,log2,RFR,5,IYR,2023-03-31
71,25,5,3,sqrt,RFR,5,XLU,2023-03-31
70,25,3,2,sqrt,RFR,5,IYR,2023-03-31
50,30,3,3,log2,RFR,5,VOX,2023-03-31
130,12,6,3,log2,RFR,5,VOX,2023-03-31
68,22,6,2,sqrt,RFR,5,SPY,2023-03-31
175,20,3,3,sqrt,RFR,5,VOX,2023-03-31
175,23,4,1,sqrt,RFR,5,IYR,2023-03-31
90,25,4,2,log2,RFR,5,SPY,2023-03-31
174,12,2,3,log2,RFR,5,VOX,2023-03-31
61,29,5,2,log2,RFR,5,SPY,2023-03-31
184,13,5,2,sqrt,RFR,5,SPY,2023-03-31
114,20,4,3,log2,RFR,5,XLE,2023-04-30
51,10,3,3,log2,RFR,5,XLB,2023-04-30
62,20,4,3,sqrt,RFR,5,XLB,2023-04-30
178,16,5,3,log2,RFR,5,XLE,2023-04-30
146,12,6,3,log2,RFR,5,XLB,2023-04-30
199,17,3,3,log2,RFR,5,XLE,2023-04-30
71,13,3,3,sqrt,RFR,5,XLE,2023-04-30
129,16,3,1,sqrt,RFR,5,XLI,2023-04-30
68,21,5,3,log2,RFR,5,XLI,2023-04-30
172,23,3,3,sqrt,RFR,5,XLI,2023-04-30
164,30,3,1,sqrt,RFR,5,XLI,2023-04-30
162,18,2,3,sqrt,RFR,5,XLK,2023-04-30
196,14,3,3,sqrt,RFR,5,XLK,2023-04-30
176,15,3,3,log2,RFR,5,XLK,2023-04-30
53,23,3,3,sqrt,RFR,5,XLK,2023-04-30
171,21,2,3,sqrt,RFR,5,XLB,2023-04-30
79,21,4,2,sqrt,RFR,5,XLF,2023-04-30
163,26,6,1,log2,RFR,5,XLF,2023-04-30
142,29,3,3,sqrt,RFR,5,XLP,2023-04-30
73,22,3,1,sqrt,RFR,5,XLY,2023-04-30
154,26,4,2,sqrt,RFR,5,XLF,2023-04-30
154,24,2,2,log2,RFR,5,XLP,2023-04-30
147,29,5,3,log2,RFR,5,XLP,2023-04-30
181,16,5,1,log2,RFR,5,XLY,2023-04-30
54,24,4,3,log2,RFR,5,XLV,2023-04-30
151,15,3,2,sqrt,RFR,5,XLF,2023-04-30
184,10,2,3,sqrt,RFR,5,XLY,2023-04-30
135,18,3,3,sqrt,RFR,5,XLV,2023-04-30
149,28,2,3,log2,RFR,5,XLV,2023-04-30
166,23,3,2,sqrt,RFR,5,XLP,2023-04-30
146,18,5,3,sqrt,RFR,5,XLY,2023-04-30
71,26,2,3,sqrt,RFR,5,XLU,2023-04-30
155,12,3,3,sqrt,RFR,5,XLV,2023-04-30
199,13,6,3,log2,RFR,5,XLU,2023-04-30
99,30,2,3,log2,RFR,5,IYR,2023-04-30
174,19,4,2,log2,RFR,5,IYR,2023-04-30
80,10,6,3,log2,RFR,5,VOX,2023-04-30
198,18,2,3,sqrt,RFR,5,XLU,2023-04-30
54,12,2,3,sqrt,RFR,5,VOX,2023-04-30
76,16,5,3,sqrt,RFR,5,IYR,2023-04-30
135,19,2,3,sqrt,RFR,5,IYR,2023-04-30
188,10,4,3,sqrt,RFR,5,VOX,2023-04-30
166,21,4,3,sqrt,RFR,5,XLU,2023-04-30
183,22,5,3,sqrt,RFR,5,SPY,2023-04-30
173,16,3,3,log2,RFR,5,SPY,2023-04-30
133,30,2,3,sqrt,RFR,5,SPY,2023-04-30
150,27,4,3,sqrt,RFR,5,VOX,2023-04-30
200,16,5,3,log2,RFR,5,SPY,2023-04-30
57,12,4,3,sqrt,RFR,5,XLI,2023-05-31
77,14,3,3,sqrt,RFR,5,XLB,2023-05-31
113,15,6,3,sqrt,RFR,5,XLE,2023-05-31
112,18,4,3,log2,RFR,5,XLB,2023-05-31
126,23,5,3,log2,RFR,5,XLE,2023-05-31
72,13,4,1,sqrt,RFR,5,XLK,2023-05-31
196,26,2,3,sqrt,RFR,5,XLE,2023-05-31
151,21,5,2,sqrt,RFR,5,XLI,2023-05-31
157,17,6,3,log2,RFR,5,XLK,2023-05-31
73,19,2,3,log2,RFR,5,XLB,2023-05-31
186,22,4,3,sqrt,RFR,5,XLB,2023-05-31
131,30,2,1,log2,RFR,5,XLI,2023-05-31
172,22,6,3,log2,RFR,5,XLK,2023-05-31
54,30,5,2,sqrt,RFR,5,XLI,2023-05-31
184,24,2,3,sqrt,RFR,5,XLE,2023-05-31
118,14,6,3,log2,RFR,5,XLK,2023-05-31
59,10,6,2,sqrt,RFR,5,XLF,2023-05-31
71,21,4,2,sqrt,RFR,5,XLF,2023-05-31
86,30,5,2,log2,RFR,5,XLP,2023-05-31
157,15,3,3,sqrt,RFR,5,XLF,2023-05-31
200,30,4,3,sqrt,RFR,5,XLP,2023-05-31
84,17,6,1,sqrt,RFR,5,XLY,2023-05-31
138,15,5,2,log2,RFR,5,XLY,2023-05-31
85,13,5,3,log2,RFR,5,XLY,2023-05-31
197,20,2,3,log2,RFR,5,XLP,2023-05-31
166,15,2,2,log2,RFR,5,XLF,2023-05-31
194,15,2,2,sqrt,RFR,5,XLP,2023-05-31
200,30,6,3,log2,RFR,5,XLV,2023-05-31
179,30,5,3,sqrt,RFR,5,XLV,2023-05-31
95,30,6,3,sqrt,RFR,5,XLY,2023-05-31
128,15,3,3,log2,RFR,5,XLU,2023-05-31
198,20,3,3,sqrt,RFR,5,XLV,2023-05-31
172,27,3,3,log2,RFR,5,XLV,2023-05-31
154,26,6,2,log2,RFR,5,XLU,2023-05-31
199,15,3,3,sqrt,RFR,5,XLU,2023-05-31
82,25,4,1,sqrt,RFR,5,IYR,2023-05-31
118,29,6,3,sqrt,RFR,5,IYR,2023-05-31
71,25,3,3,sqrt,RFR,5,IYR,2023-05-31
129,18,4,3,log2,RFR,5,XLU,2023-05-31
50,18,2,3,log2,RFR,5,VOX,2023-05-31
66,15,6,1,log2,RFR,5,SPY,2023-05-31
200,30,4,3,log2,RFR,5,VOX,2023-05-31
55,12,2,3,log2,RFR,5,VOX,2023-05-31
67,16,4,2,log2,RFR,5,IYR,2023-05-31
102,22,6,1,sqrt,RFR,5,SPY,2023-05-31
162,28,6,3,log2,RFR,5,VOX,2023-05-31
129,17,3,3,sqrt,RFR,5,SPY,2023-05-31
199,30,5,3,sqrt,RFR,5,SPY,2023-05-31
54,10,5,2,log2,RFR,5,XLB,2023-06-30
56,10,3,2,sqrt,RFR,5,XLB,2023-06-30
54,10,2,2,log2,RFR,5,XLI,2023-06-30
197,30,6,3,sqrt,RFR,5,XLE,2023-06-30
54,20,5,2,log2,RFR,5,XLI,2023-06-30
50,12,3,3,sqrt,RFR,5,XLI,2023-06-30
181,25,4,3,sqrt,RFR,5,XLE,2023-06-30
80,10,2,2,sqrt,RFR,5,XLK,2023-06-30
99,14,6,3,sqrt,RFR,5,XLE,2023-06-30
196,26,6,3,sqrt,RFR,5,XLE,2023-06-30
191,20,2,3,sqrt,RFR,5,XLB,2023-06-30
75,24,3,3,log2,RFR,5,XLB,2023-06-30
200,20,5,3,sqrt,RFR,5,XLK,2023-06-30
176,19,2,3,log2,RFR,5,XLK,2023-06-30
177,23,2,3,log2,RFR,5,XLK,2023-06-30
133,14,5,2,sqrt,RFR,5,XLI,2023-06-30
74,12,3,2,sqrt,RFR,5,XLF,2023-06-30
50,23,6,2,log2,RFR,5,XLF,2023-06-30
80,27,3,3,log2,RFR,5,XLF,2023-06-30
75,22,4,3,sqrt,RFR,5,XLP,2023-06-30
176,10,4,3,log2,RFR,5,XLP,2023-06-30
85,24,6,2,log2,RFR,5,XLY,2023-06-30
157,26,4,2,sqrt,RFR,5,XLP,2023-06-30
142,13,6,2,sqrt,RFR,5,XLY,2023-06-30
199,17,4,3,sqrt,RFR,5,XLY,2023-06-30
62,29,3,3,log2,RFR,5,XLF,2023-06-30
187,24,4,3,sqrt,RFR,5,XLV,2023-06-30
139,16,2,3,log2,RFR,5,XLV,2023-06-30
178,14,5,3,sqrt,RFR,5,XLP,2023-06-30
57,28,3,3,log2,RFR,5,XLU,2023-06-30
63,25,5,2,sqrt,RFR,5,XLU,2023-06-30
134,16,4,3,log2,RFR,5,XLY,2023-06-30
190,25,6,3,log2,RFR,5,XLV,2023-06-30
53,22,3,2,log2,RFR,5,IYR,2023-06-30
50,10,4,3,log2,RFR,5,IYR,2023-06-30
79,16,2,3,sqrt,RFR,5,XLU,2023-06-30
175,24,3,3,sqrt,RFR,5,XLV,2023-06-30
154,10,3,1,log2,RFR,5,XLU,2023-06-30
105,18,3,3,sqrt,RFR,5,IYR,2023-06-30
134,30,5,3,log2,RFR,5,VOX,2023-06-30
54,20,6,2,log2,RFR,5,VOX,2023-06-30
51,10,3,1,log2,RFR,5,SPY,2023-06-30
51,13,4,3,log2,RFR,5,SPY,2023-06-30
180,10,3,3,log2,RFR,5,VOX,2023-06-30
55,11,5,2,sqrt,RFR,5,IYR,2023-06-30
170,29,5,2,sqrt,RFR,5,SPY,2023-06-30
156,30,6,3,log2,RFR,5,VOX,2023-06-30
147,28,5,1,sqrt,RFR,5,SPY,2023-06-30
58,11,2,3,log2,RFR,5,XLB,2023-07-31
76,22,6,3,log2,RFR,5,XLB,2023-07-31
176,12,2,3,sqrt,RFR,5,XLE,2023-07-31
116,11,3,3,log2,RFR,5,XLB,2023-07-31
50,14,3,2,sqrt,RFR,5,XLK,2023-07-31
170,23,2,3,log2,RFR,5,XLE,2023-07-31
99,10,6,2,sqrt,RFR,5,XLI,2023-07-31
89,28,3,2,log2,RFR,5,XLK,2023-07-31
197,13,5,3,log2,RFR,5,XLE,2023-07-31
154,20,6,2,log2,RFR,5,XLI,2023-07-31
164,25,5,3,sqrt,RFR,5,XLK,2023-07-31
69,12,5,3,sqrt,RFR,5,XLB,2023-07-31
199,10,5,3,log2,RFR,5,XLI,2023-07-31
183,29,3,3,log2,RFR,5,XLE,2023-07-31
161,25,3,3,log2,RFR,5,XLI,2023-07-31
156,24,5,3,log2,RFR,5,XLK,2023-07-31
125,24,6,3,log2,RFR,5,XLF,2023-07-31
170,24,2,2,sqrt,RFR,5,XLF,2023-07-31
64,18,4,2,log2,RFR,5,XLP,2023-07-31
68,29,3,2,sqrt,RFR,5,XLP,2023-07-31
63,29,6,1,log2,RFR,5,XLF,2023-07-31
155,20,5,1,sqrt,RFR,5,XLY,2023-07-31
165,25,2,2,sqrt,RFR,5,XLP,2023-07-31
59,16,3,3,log2,RFR,5,XLY,2023-07-31
64,19,6,2,log2,RFR,5,XLF,2023-07-31
150,25,5,3,log2,RFR,5,XLV,2023-07-31
153,21,6,3,sqrt,RFR,5,XLV,2023-07-31
199,10,4,3,sqrt,RFR,5,XLY,2023-07-31
61,28,3,2,log2,RFR,5,XLY,2023-07-31
187,14,2,3,log2,RFR,5,XLP,2023-07-31
180,26,3,2,sqrt,RFR,5,XLV,2023-07-31
51,30,2,3,log2,RFR,5,XLU,2023-07-31
104,26,3,3,log2,RFR,5,XLU,2023-07-31
51,30,6,2,log2,RFR,5,IYR,2023-07-31
165,18,4,2,sqrt,RFR,5,XLU,2023-07-31
108,17,5,2,sqrt,RFR,5,IYR,2023-07-31
78,23,4,3,log2,RFR,5,VOX,2023-07-31
191,25,3,3,log2,RFR,5,XLV,2023-07-31
65,25,6,3,sqrt,RFR,5,XLU,2023-07-31
100,10,3,3,log2,RFR,5,IYR,2023-07-31
86,19,4,3,sqrt,RFR,5,VOX,2023-07-31
177,17,3,3,log2,RFR,5,VOX,2023-07-31
69,21,6,2,log2,RFR,5,SPY,2023-07-31
157,30,4,3,log2,RFR,5,SPY,2023-07-31
139,20,3,2,log2,RFR,5,IYR,2023-07-31
105,19,5,2,sqrt,RFR,5,SPY,2023-07-31
98,17,4,3,log2,RFR,5,VOX,2023-07-31
166,13,3,1,sqrt,RFR,5,SPY,2023-07-31
92,10,3,3,log2,RFR,5,XLB,2023-08-31
200,22,6,3,log2,RFR,5,XLE,2023-08-31
172,16,3,3,log2,RFR,5,XLE,2023-08-31
50,17,2,2,log2,RFR,5,XLI,2023-08-31
105,30,3,3,sqrt,RFR,5,XLB,2023-08-31
65,16,5,3,sqrt,RFR,5,XLI,2023-08-31
83,25,2,3,log2,RFR,5,XLI,2023-08-31
199,13,4,3,log2,RFR,5,XLE,2023-08-31
170,26,5,3,log2,RFR,5,XLB,2023-08-31
67,30,6,3,log2,RFR,5,XLB,2023-08-31
186,24,3,3,sqrt,RFR,5,XLK,2023-08-31
179,17,2,3,log2,RFR,5,XLK,2023-08-31
198,20,3,3,sqrt,RFR,5,XLE,2023-08-31
176,15,5,3,log2,RFR,5,XLK,2023-08-31
143,12,5,3,log2,RFR,5,XLI,2023-08-31
155,16,2,3,sqrt,RFR,5,XLK,2023-08-31
58,15,5,3,log2,RFR,5,XLF,2023-08-31
50,30,5,3,log2,RFR,5,XLF,2023-08-31
64,14,6,1,log2,RFR,5,XLF,2023-08-31
103,12,5,3,log2,RFR,5,XLP,2023-08-31
173,25,6,2,log2,RFR,5,XLP,2023-08-31
131,13,5,2,log2,RFR,5,XLY,2023-08-31
199,17,4,3,log2,RFR,5,XLP,2023-08-31
165,12,6,3,sqrt,RFR,5,XLF,2023-08-31
127,13,4,1,log2,RFR,5,XLY,2023-08-31
169,30,5,3,log2,RFR,5,XLV,2023-08-31
200,22,2,3,log2,RFR,5,XLY,2023-08-31
172,27,6,3,sqrt,RFR,5,XLP,2023-08-31
185,12,3,3,sqrt,RFR,5,XLV,2023-08-31
68,16,5,3,sqrt,RFR,5,XLV,2023-08-31
86,18,6,3,log2,RFR,5,XLU,2023-08-31
199,18,4,3,log2,RFR,5,XLY,2023-08-31
190,14,6,2,sqrt,RFR,5,XLU,2023-08-31
51,21,6,3,sqrt,RFR,5,IYR,2023-08-31
143,18,2,2,log2,RFR,5,XLU,2023-08-31
50,10,2,3,sqrt,RFR,5,IYR,2023-08-31
65,20,2,3,log2,RFR,5,XLU,2023-08-31
199,27,3,3,sqrt,RFR,5,XLV,2023-08-31
53,17,4,2,sqrt,RFR,5,IYR,2023-08-31
81,14,5,3,log2,RFR,5,VOX,2023-08-31
80,25,4,1,log2,RFR,5,IYR,2023-08-31
156,28,2,3,log2,RFR,5,VOX,2023-08-31
82,24,3,3,log2,RFR,5,SPY,2023-08-31
50,16,4,3,log2,RFR,5,SPY,2023-08-31
182,20,4,3,sqrt,RFR,5,VOX,2023-08-31
200,20,3,3,log2,RFR,5,VOX,2023-08-31
136,10,4,2,sqrt,RFR,5,SPY,2023-08-31
176,14,5,2,sqrt,RFR,5,SPY,2023-08-31
97,19,4,3,log2,RFR,5,XLE,2023-09-30
64,21,4,3,log2,RFR,5,XLB,2023-09-30
66,25,5,3,sqrt,RFR,5,XLB,2023-09-30
52,28,4,3,log2,RFR,5,XLI,2023-09-30
64,13,3,3,sqrt,RFR,5,XLI,2023-09-30
173,20,6,3,log2,RFR,5,XLE,2023-09-30
97,18,2,3,sqrt,RFR,5,XLB,2023-09-30
54,20,3,3,log2,RFR,5,XLI,2023-09-30
105,23,6,3,log2,RFR,5,XLK,2023-09-30
199,30,3,3,log2,RFR,5,XLE,2023-09-30
83,13,5,3,sqrt,RFR,5,XLB,2023-09-30
173,25,2,3,log2,RFR,5,XLK,2023-09-30
173,17,3,3,sqrt,RFR,5,XLK,2023-09-30
189,10,6,3,sqrt,RFR,5,XLE,2023-09-30
96,23,2,3,sqrt,RFR,5,XLK,2023-09-30
173,25,4,2,log2,RFR,5,XLI,2023-09-30
89,16,5,3,log2,RFR,5,XLF,2023-09-30
60,16,5,3,log2,RFR,5,XLF,2023-09-30
71,25,3,2,sqrt,RFR,5,XLF,2023-09-30
103,14,5,3,log2,RFR,5,XLP,2023-09-30
58,10,5,3,log2,RFR,5,XLP,2023-09-30
116,25,5,3,log2,RFR,5,XLP,2023-09-30
71,23,4,1,log2,RFR,5,XLY,2023-09-30
117,29,2,3,log2,RFR,5,XLF,2023-09-30
51,14,3,2,log2,RFR,5,XLP,2023-09-30
164,19,3,1,sqrt,RFR,5,XLY,2023-09-30
91,18,3,3,log2,RFR,5,XLV,2023-09-30
50,30,2,3,sqrt,RFR,5,XLV,2023-09-30
200,30,5,3,sqrt,RFR,5,XLY,2023-09-30
165,16,3,3,sqrt,RFR,5,XLV,2023-09-30
114,24,4,3,log2,RFR,5,XLY,2023-09-30
99,18,2,3,log2,RFR,5,XLU,2023-09-30
154,10,5,3,log2,RFR,5,XLV,2023-09-30
173,25,3,3,sqrt,RFR,5,XLU,2023-09-30
112,26,4,3,sqrt,RFR,5,IYR,2023-09-30
181,30,4,3,sqrt,RFR,5,XLU,2023-09-30
113,12,6,3,log2,RFR,5,IYR,2023-09-30
76,21,2,3,sqrt,RFR,5,XLU,2023-09-30
75,30,2,3,sqrt,RFR,5,IYR,2023-09-30
69,10,3,3,sqrt,RFR,5,IYR,2023-09-30
82,21,3,2,log2,RFR,5,VOX,2023-09-30
171,30,3,3,log2,RFR,5,VOX,2023-09-30
62,16,4,2,log2,RFR,5,SPY,2023-09-30
77,25,3,3,sqrt,RFR,5,VOX,2023-09-30
199,27,6,3,log2,RFR,5,VOX,2023-09-30
66,10,3,2,log2,RFR,5,SPY,2023-09-30
172,24,2,3,log2,RFR,5,SPY,2023-09-30
182,30,5,3,log2,RFR,5,SPY,2023-09-30
76,20,4,3,sqrt,RFR,5,XLB,2023-10-31
67,21,4,3,log2,RFR,5,XLB,2023-10-31
83,23,4,3,log2,RFR,5,XLE,2023-10-31
70,18,5,2,sqrt,RFR,5,XLB,2023-10-31
50,26,3,1,log2,RFR,5,XLI,2023-10-31
142,13,6,1,sqrt,RFR,5,XLI,2023-10-31
99,18,5,2,log2,RFR,5,XLK,2023-10-31
170,27,5,3,sqrt,RFR,5,XLE,2023-10-31
199,10,2,3,log2,RFR,5,XLE,2023-10-31
92,17,5,2,sqrt,RFR,5,XLI,2023-10-31
76,15,2,3,log2,RFR,5,XLB,2023-10-31
163,17,3,3,log2,RFR,5,XLK,2023-10-31
50,25,6,1,sqrt,RFR,5,XLI,2023-10-31
180,17,4,3,log2,RFR,5,XLE,2023-10-31
172,25,6,3,log2,RFR,5,XLK,2023-10-31
50,17,3,3,log2,RFR,5,XLK,2023-10-31
63,10,6,3,log2,RFR,5,XLF,2023-10-31
83,17,5,2,sqrt,RFR,5,XLP,2023-10-31
138,14,6,1,sqrt,RFR,5,XLF,2023-10-31
110,10,4,3,log2,RFR,5,XLF,2023-10-31
92,24,2,3,log2,RFR,5,XLP,2023-10-31
56,27,6,1,sqrt,RFR,5,XLY,2023-10-31
174,23,5,3,sqrt,RFR,5,XLP,2023-10-31
68,23,4,2,sqrt,RFR,5,XLV,2023-10-31
171,28,5,2,log2,RFR,5,XLY,2023-10-31
173,12,3,2,sqrt,RFR,5,XLF,2023-10-31
77,10,2,3,log2,RFR,5,XLY,2023-10-31
182,20,5,2,log2,RFR,5,XLY,2023-10-31
200,24,6,3,log2,RFR,5,XLV,2023-10-31
171,26,3,3,log2,RFR,5,XLV,2023-10-31
197,26,3,1,log2,RFR,5,XLP,2023-10-31
177,24,4,3,log2,RFR,5,XLV,2023-10-31
163,24,3,3,sqrt,RFR,5,XLU,2023-10-31
174,21,4,3,sqrt,RFR,5,XLU,2023-10-31
61,26,4,1,sqrt,RFR,5,IYR,2023-10-31
138,26,3,3,log2,RFR,5,IYR,2023-10-31
188,23,3,3,sqrt,RFR,5,XLU,2023-10-31
68,27,4,2,log2,RFR,5,IYR,2023-10-31
53,25,2,3,log2,RFR,5,SPY,2023-10-31
149,30,3,3,log2,RFR,5,VOX,2023-10-31
93,30,4,3,log2,RFR,5,VOX,2023-10-31
199,30,3,3,sqrt,RFR,5,XLU,2023-10-31
163,24,6,2,log2,RFR,5,VOX,2023-10-31
82,27,2,3,sqrt,RFR,5,IYR,2023-10-31
102,24,2,3,log2,RFR,5,SPY,2023-10-31
80,15,2,2,log2,RFR,5,VOX,2023-10-31
50,19,6,3,log2,RFR,5,SPY,2023-10-31
129,16,4,3,sqrt,RFR,5,SPY,2023-10-31
82,21,4,3,sqrt,RFR,5,XLB,2023-11-30
62,20,3,3,log2,RFR,5,XLB,2023-11-30
161,25,4,3,log2,RFR,5,XLE,2023-11-30
112,10,4,3,sqrt,RFR,5,XLB,2023-11-30
53,21,6,3,log2,RFR,5,XLK,2023-11-30
102,10,5,1,sqrt,RFR,5,XLI,2023-11-30
66,15,5,3,sqrt,RFR,5,XLE,2023-11-30
166,10,6,2,sqrt,RFR,5,XLI,2023-11-30
193,10,2,3,sqrt,RFR,5,XLE,2023-11-30
105,10,6,2,log2,RFR,5,XLI,2023-11-30
96,14,5,3,log2,RFR,5,XLK,2023-11-30
196,30,3,3,log2,RFR,5,XLE,2023-11-30
76,17,5,3,sqrt,RFR,5,XLB,2023-11-30
181,19,2,3,sqrt,RFR,5,XLK,2023-11-30
143,14,6,1,log2,RFR,5,XLI,2023-11-30
176,12,4,3,log2,RFR,5,XLK,2023-11-30
75,15,3,2,sqrt,RFR,5,XLF,2023-11-30
83,10,4,3,log2,RFR,5,XLF,2023-11-30
72,27,6,2,sqrt,RFR,5,XLF,2023-11-30
52,28,6,2,log2,RFR,5,XLP,2023-11-30
56,27,4,3,sqrt,RFR,5,XLP,2023-11-30
55,30,6,2,sqrt,RFR,5,XLP,2023-11-30
81,10,6,3,log2,RFR,5,XLY,2023-11-30
59,16,2,3,log2,RFR,5,XLV,2023-11-30
84,24,2,1,log2,RFR,5,XLY,2023-11-30
71,26,3,1,log2,RFR,5,XLY,2023-11-30
157,19,6,2,sqrt,RFR,5,XLF,2023-11-30
117,30,3,2,log2,RFR,5,XLY,2023-11-30
174,18,4,2,sqrt,RFR,5,XLP,2023-11-30
171,17,2,3,log2,RFR,5,XLV,2023-11-30
70,30,6,3,log2,RFR,5,XLU,2023-11-30
52,21,3,3,log2,RFR,5,XLU,2023-11-30
52,17,4,3,log2,RFR,5,IYR,2023-11-30
199,14,2,2,sqrt,RFR,5,XLV,2023-11-30
72,14,4,3,log2,RFR,5,IYR,2023-11-30
63,29,3,3,sqrt,RFR,5,IYR,2023-11-30
193,12,3,3,sqrt,RFR,5,XLV,2023-11-30
172,18,5,3,sqrt,RFR,5,XLU,2023-11-30
57,23,4,3,sqrt,RFR,5,XLU,2023-11-30
196,28,5,2,sqrt,RFR,5,VOX,2023-11-30
108,21,2,1,log2,RFR,5,IYR,2023-11-30
72,21,3,1,sqrt,RFR,5,SPY,2023-11-30
70,23,4,3,sqrt,RFR,5,VOX,2023-11-30
60,11,5,2,log2,RFR,5,VOX,2023-11-30
200,15,3,2,log2,RFR,5,VOX,2023-11-30
50,25,5,1,log2,RFR,5,SPY,2023-11-30
130,26,6,3,sqrt,RFR,5,SPY,2023-11-30
105,25,5,3,log2,RFR,5,SPY,2023-11-30
56,26,6,3,log2,RFR,5,XLB,2023-12-31
66,23,5,3,log2,RFR,5,XLB,2023-12-31
196,23,6,3,sqrt,RFR,5,XLE,2023-12-31
199,17,2,3,sqrt,RFR,5,XLE,2023-12-31
69,12,3,3,log2,RFR,5,XLI,2023-12-31
107,14,5,3,sqrt,RFR,5,XLB,2023-12-31
79,14,4,3,sqrt,RFR,5,XLK,2023-12-31
199,20,3,3,sqrt,RFR,5,XLE,2023-12-31
199,16,3,2,log2,RFR,5,XLI,2023-12-31
185,12,6,2,log2,RFR,5,XLI,2023-12-31
68,18,2,2,sqrt,RFR,5,XLI,2023-12-31
109,16,2,3,sqrt,RFR,5,XLB,2023-12-31
173,25,5,3,log2,RFR,5,XLE,2023-12-31
85,13,3,3,log2,RFR,5,XLK,2023-12-31
199,15,4,3,sqrt,RFR,5,XLK,2023-12-31
50,28,2,2,sqrt,RFR,5,XLF,2023-12-31
200,13,3,3,sqrt,RFR,5,XLK,2023-12-31
75,20,4,2,sqrt,RFR,5,XLP,2023-12-31
83,30,3,2,log2,RFR,5,XLF,2023-12-31
173,20,6,3,sqrt,RFR,5,XLF,2023-12-31
56,29,2,3,sqrt,RFR,5,XLP,2023-12-31
73,30,6,2,log2,RFR,5,XLF,2023-12-31
81,13,4,1,log2,RFR,5,XLY,2023-12-31
200,30,6,3,log2,RFR,5,XLP,2023-12-31
106,17,3,1,log2,RFR,5,XLY,2023-12-31
155,10,6,2,sqrt,RFR,5,XLY,2023-12-31
200,18,6,3,sqrt,RFR,5,XLV,2023-12-31
160,22,3,3,sqrt,RFR,5,XLV,2023-12-31
175,14,3,2,sqrt,RFR,5,XLP,2023-12-31
57,24,4,3,log2,RFR,5,XLU,2023-12-31
116,27,5,3,sqrt,RFR,5,XLY,2023-12-31
60,29,5,2,log2,RFR,5,XLV,2023-12-31
199,24,2,3,sqrt,RFR,5,XLV,2023-12-31
52,15,6,3,sqrt,RFR,5,XLU,2023-12-31
62,10,6,3,log2,RFR,5,IYR,2023-12-31
50,24,2,3,log2,RFR,5,IYR,2023-12-31
76,13,3,3,log2,RFR,5,XLU,2023-12-31
168,10,3,2,sqrt,RFR,5,XLU,2023-12-31
91,30,4,3,log2,RFR,5,VOX,2023-12-31
50,24,2,3,sqrt,RFR,5,IYR,2023-12-31
70,18,6,2,sqrt,RFR,5,IYR,2023-12-31
65,21,5,3,log2,RFR,5,VOX,2023-12-31
134,14,2,1,log2,RFR,5,SPY,2023-12-31
183,23,6,3,sqrt,RFR,5,VOX,2023-12-31
104,24,5,2,log2,RFR,5,SPY,2023-12-31
199,19,3,3,sqrt,RFR,5,VOX,2023-12-31
166,24,4,2,sqrt,RFR,5,SPY,2023-12-31
185,25,5,3,log2,RFR,5,SPY,2023-12-31
