XLE,2020-01-02 00:00:00,shap,open,price_oscillator,ROC_6m,obv,momentum_diff_ROC_12m_24m,skewness_6m,BOPGSTB,RSI_6m,volume,skewness_3m
XLE,2020-01-02 00:00:00,causal,obv,momentum_diff_ROC_12m_24m,price_oscillator,low,open,month,ROC_6m,bollinger_low_12,bollinger_low_3,high
XLE,2020-01-02 00:00:00,estatico,price_oscillator,MACD_3m,obv,skewness_6m,volume,skewness_3m,bollinger_high_6,CPIAUCSL,MACD_48m,kurtosis_6m
XLB,2020-01-02 00:00:00,shap,bollinger_low_6,obv,RSI_12m,ADX_3m,momentum_diff_ROC_3m_6m,RSI_3m,ROC_48m,price_oscillator,BOPGSTB,PPO_3m
XLB,2020-01-02 00:00:00,causal,skewness_24m,ADX_3m,obv,bollinger_low_6,ROC_48m,skewness_3m,high,skewness_6m,skewness_12m,BOPGSTB
XLB,2020-01-02 00:00:00,estatico,price_oscillator,MACD_3m,obv,skewness_6m,volume,skewness_3m,bollinger_high_6,CPIAUCSL,MACD_48m,kurtosis_6m
XLI,2020-01-02 00:00:00,shap,skewness_24m,ROC_6m,kurtosis_24m,skewness_6m,obv,momentum_diff_ROC_24m_48m,bollinger_high_12,momentum_diff_ROC_12m_24m,kurtosis_12m,price_oscillator
XLI,2020-01-02 00:00:00,causal,CPIAUCSL,momentum_diff_ROC_3m_6m,ROC_6m,bollinger_low_3,obv,kurtosis_12m,bollinger_low_6,skewness_6m,week_of_year,adl
XLI,2020-01-02 00:00:00,estatico,price_oscillator,MACD_3m,obv,skewness_6m,volume,skewness_3m,bollinger_high_6,CPIAUCSL,MACD_48m,kurtosis_6m
XLE,2020-01-02 00:00:00,selectkbest,open,high,low,close_or,kurtosis_6m,ROC_6m,momentum_diff_ROC_3m_6m,bollinger_low_24,UNRATE,obv
XLK,2020-01-02 00:00:00,shap,ROC_24m,open,skewness_3m,skewness_6m,momentum_diff_ADX_12m_24m,obv,price_oscillator,MACD_3m,bollinger_high_48,momentum_diff_ROC_6m_12m
XLK,2020-01-02 00:00:00,causal,obv,CPIAUCSL,bollinger_low_12,bollinger_high_6,bollinger_high_12,momentum_diff_ROC_12m_24m,momentum_diff_ROC_3m_6m,skewness_6m,skewness_3m,skewness_12m
XLB,2020-01-02 00:00:00,selectkbest,PPO_3m,PPO_6m,PPO_12m,MACD_24m,PPO_24m,ROC_24m,MACD_48m,PPO_48m,ROC_48m,momentum_diff_ROC_24m_48m
XLK,2020-01-02 00:00:00,estatico,price_oscillator,MACD_3m,obv,skewness_6m,volume,skewness_3m,bollinger_high_6,CPIAUCSL,MACD_48m,kurtosis_6m
XLI,2020-01-02 00:00:00,selectkbest,skewness_6m,skewness_24m,kurtosis_24m,MACD_3m,MACD_6m,MACD_12m,MACD_24m,MACD_48m,ROC_48m,momentum_diff_ROC_24m_48m
XLK,2020-01-02 00:00:00,selectkbest,MACD_3m,MACD_6m,MACD_12m,ROC_12m,RSI_24m,MACD_24m,MACD_48m,momentum_diff_ADX_24m_48m,month,adl
XLF,2020-01-02 00:00:00,shap,CPIAUCSL,open,momentum_diff_ROC_3m_6m,price_oscillator,BOPGSTB,obv,kurtosis_24m,momentum_diff_ROC_12m_24m,bollinger_low_6,ADX_6m
XLF,2020-01-02 00:00:00,causal,CPIAUCSL,price_oscillator,bollinger_low_6,RSI_12m,bollinger_low_3,obv,bollinger_high_3,momentum_diff_ROC_3m_6m,skewness_24m,adl
XLF,2020-01-02 00:00:00,estatico,price_oscillator,MACD_3m,obv,skewness_6m,volume,skewness_3m,bollinger_high_6,CPIAUCSL,MACD_48m,kurtosis_6m
XLP,2020-01-02 00:00:00,shap,ADX_3m,bollinger_low_3,momentum_diff_ADX_3m_6m,bollinger_high_12,bollinger_low_12,ROC_6m,kurtosis_6m,price_oscillator,obv,bollinger_high_48
XLP,2020-01-02 00:00:00,causal,bollinger_low_3,adl,bollinger_low_12,ADX_3m,momentum_diff_ROC_3m_6m,skewness_3m,volume,RSI_6m,bollinger_high_6,momentum_diff_ADX_3m_6m
XLP,2020-01-02 00:00:00,estatico,price_oscillator,MACD_3m,obv,skewness_6m,volume,skewness_3m,bollinger_high_6,CPIAUCSL,MACD_48m,kurtosis_6m
XLF,2020-01-02 00:00:00,selectkbest,MACD_3m,ADX_3m,MACD_6m,MACD_12m,ADX_12m,RSI_24m,MACD_24m,ADX_24m,MACD_48m,price_oscillator
XLY,2020-01-02 00:00:00,shap,obv,CPIAUCSL,bollinger_high_6,momentum_diff_ADX_3m_6m,ROC_12m,ADX_6m,skewness_12m,skewness_24m,MACD_3m,price_oscillator
XLY,2020-01-02 00:00:00,causal,CPIAUCSL,bollinger_high_6,bollinger_high_12,ADX_6m,ROC_12m,obv,skewness_12m,bollinger_low_3,bollinger_low_6,price_oscillator
XLV,2020-01-02 00:00:00,causal,bollinger_high_3,momentum_diff_ROC_12m_24m,PPO_3m,BOPGSTB,skewness_24m,kurtosis_24m,skewness_3m,ADX_48m,kurtosis_6m,bollinger_low_12
XLY,2020-01-02 00:00:00,estatico,price_oscillator,MACD_3m,obv,skewness_6m,volume,skewness_3m,bollinger_high_6,CPIAUCSL,MACD_48m,kurtosis_6m
XLV,2020-01-02 00:00:00,shap,momentum_diff_ROC_12m_24m,bollinger_high_3,PPO_3m,RSI_6m,bollinger_high_6,adl,skewness_3m,kurtosis_24m,price_oscillator,ROC_6m
XLP,2020-01-02 00:00:00,selectkbest,kurtosis_24m,MACD_3m,ADX_3m,MACD_6m,MACD_12m,MACD_24m,RSI_48m,MACD_48m,momentum_diff_ADX_3m_6m,momentum_diff_RSI_24m_48m
XLV,2020-01-02 00:00:00,estatico,price_oscillator,MACD_3m,obv,skewness_6m,volume,skewness_3m,bollinger_high_6,CPIAUCSL,MACD_48m,kurtosis_6m
XLY,2020-01-02 00:00:00,selectkbest,MACD_3m,ROC_3m,MACD_6m,MACD_12m,RSI_24m,MACD_24m,RSI_48m,MACD_48m,momentum_diff_RSI_24m_48m,momentum_diff_ROC_24m_48m
XLV,2020-01-02 00:00:00,selectkbest,MACD_3m,MACD_6m,MACD_12m,MACD_24m,ROC_24m,MACD_48m,momentum_diff_ROC_12m_24m,momentum_diff_RSI_24m_48m,bollinger_high_3,PPIACO
XLU,2020-01-02 00:00:00,shap,bollinger_high_6,momentum_diff_RSI_6m_12m,volume,skewness_3m,kurtosis_24m,ADX_24m,bollinger_low_6,kurtosis_12m,MACD_3m,bollinger_high_48
XLU,2020-01-02 00:00:00,causal,bollinger_high_6,volume,momentum_diff_ROC_3m_6m,skewness_3m,momentum_diff_RSI_6m_12m,ADX_3m,bollinger_high_12,ROC_24m,momentum_diff_ADX_6m_12m,RSI_48m
XLU,2020-01-02 00:00:00,estatico,price_oscillator,MACD_3m,obv,skewness_6m,volume,skewness_3m,bollinger_high_6,CPIAUCSL,MACD_48m,kurtosis_6m
IYR,2020-01-02 00:00:00,shap,kurtosis_6m,momentum_diff_ROC_12m_24m,PPO_3m,ROC_12m,BOPGSTB,kurtosis_24m,volume,bollinger_low_3,bollinger_high_3,skewness_24m
XLU,2020-01-02 00:00:00,selectkbest,MACD_3m,MACD_6m,MACD_12m,MACD_24m,MACD_48m,momentum_diff_ROC_3m_6m,momentum_diff_ADX_3m_6m,momentum_diff_RSI_24m_48m,bollinger_high_6,bollinger_high_12
IYR,2020-01-02 00:00:00,causal,CPIAUCSL,obv,momentum_diff_ROC_12m_24m,bollinger_low_6,volume,ROC_12m,RSI_24m,kurtosis_6m,skewness_3m,bollinger_high_3
IYR,2020-01-02 00:00:00,estatico,price_oscillator,MACD_3m,obv,skewness_6m,volume,skewness_3m,bollinger_high_6,CPIAUCSL,MACD_48m,kurtosis_6m
VOX,2020-01-02 00:00:00,causal,CPIAUCSL,skewness_6m,skewness_3m,ADX_12m,bollinger_high_6,ROC_12m,adl,MACD_3m,price_oscillator,RSI_24m
VOX,2020-01-02 00:00:00,estatico,price_oscillator,MACD_3m,obv,skewness_6m,volume,skewness_3m,bollinger_high_6,CPIAUCSL,MACD_48m,kurtosis_6m
VOX,2020-01-02 00:00:00,shap,ADX_12m,skewness_6m,skewness_3m,ROC_12m,bollinger_high_6,volume,bollinger_low_3,skewness_48m,RSI_12m,MACD_3m
SPY,2020-01-02 00:00:00,shap,kurtosis_6m,CPIAUCSL,bollinger_high_6,obv,momentum_diff_RSI_24m_48m,volume,MACD_3m,price_oscillator,kurtosis_48m,bollinger_high_12
SPY,2020-01-02 00:00:00,causal,CPIAUCSL,RSI_12m,price_oscillator,kurtosis_48m,bollinger_low_12,bollinger_low_6,momentum_diff_ROC_3m_6m,kurtosis_12m,ROC_6m,volume
IYR,2020-01-02 00:00:00,selectkbest,skewness_6m,kurtosis_6m,skewness_12m,ROC_12m,RSI_24m,MACD_24m,MACD_48m,momentum_diff_ROC_6m_12m,momentum_diff_ROC_12m_24m,price_oscillator
VOX,2020-01-02 00:00:00,selectkbest,volume,skewness_3m,skewness_6m,MACD_3m,MACD_6m,MACD_12m,MACD_24m,MACD_48m,month,obv
SPY,2020-01-02 00:00:00,estatico,price_oscillator,MACD_3m,obv,skewness_6m,volume,skewness_3m,bollinger_high_6,CPIAUCSL,MACD_48m,kurtosis_6m
SPY,2020-01-02 00:00:00,selectkbest,MACD_3m,MACD_6m,ROC_6m,MACD_12m,RSI_24m,MACD_24m,MACD_48m,momentum_diff_ROC_3m_6m,momentum_diff_ROC_6m_12m,adl
XLE,2020-02-03 00:00:00,shap,price_oscillator,open,kurtosis_6m,BOPGSTB,RSI_6m,skewness_6m,obv,ROC_6m,month,adl
XLE,2020-02-03 00:00:00,causal,momentum_diff_ROC_12m_24m,price_oscillator,obv,open,low,high,BOPGSTB,ROC_6m,month,bollinger_high_3
XLE,2020-02-03 00:00:00,estatico,price_oscillator,MACD_3m,obv,skewness_6m,volume,skewness_3m,bollinger_high_6,CPIAUCSL,MACD_48m,kurtosis_6m
XLB,2020-02-03 00:00:00,shap,bollinger_low_6,momentum_diff_ROC_3m_6m,obv,RSI_12m,RSI_3m,BOPGSTB,ADX_3m,price_oscillator,PPO_3m,momentum_diff_ADX_6m_12m
XLB,2020-02-03 00:00:00,causal,skewness_24m,ADX_3m,ROC_48m,obv,bollinger_low_6,BOPGSTB,skewness_6m,ADX_6m,high,bollinger_low_3
XLB,2020-02-03 00:00:00,estatico,price_oscillator,MACD_3m,obv,skewness_6m,volume,skewness_3m,bollinger_high_6,CPIAUCSL,MACD_48m,kurtosis_6m
XLI,2020-02-03 00:00:00,shap,skewness_24m,ROC_6m,kurtosis_24m,obv,skewness_6m,momentum_diff_ROC_12m_24m,bollinger_low_3,kurtosis_6m,momentum_diff_ROC_24m_48m,kurtosis_12m
XLI,2020-02-03 00:00:00,causal,CPIAUCSL,momentum_diff_ROC_3m_6m,ROC_6m,kurtosis_12m,skewness_6m,bollinger_low_3,bollinger_low_6,bollinger_high_6,obv,UMCSENT
XLI,2020-02-03 00:00:00,estatico,price_oscillator,MACD_3m,obv,skewness_6m,volume,skewness_3m,bollinger_high_6,CPIAUCSL,MACD_48m,kurtosis_6m
XLE,2020-02-03 00:00:00,selectkbest,open,high,low,close_or,kurtosis_6m,ROC_6m,momentum_diff_ROC_3m_6m,bollinger_low_24,UNRATE,obv
XLK,2020-02-03 00:00:00,shap,open,bollinger_high_6,obv,MACD_3m,momentum_diff_ADX_12m_24m,ROC_6m,UMCSENT,price_oscillator,bollinger_low_12,momentum_diff_ROC_24m_48m
XLK,2020-02-03 00:00:00,causal,CPIAUCSL,obv,bollinger_low_12,bollinger_high_6,ROC_12m,momentum_diff_ROC_3m_6m,ROC_24m,bollinger_high_12,skewness_3m,momentum_diff_ADX_12m_24m
XLK,2020-02-03 00:00:00,estatico,price_oscillator,MACD_3m,obv,skewness_6m,volume,skewness_3m,bollinger_high_6,CPIAUCSL,MACD_48m,kurtosis_6m
XLB,2020-02-03 00:00:00,selectkbest,PPO_3m,PPO_6m,PPO_12m,MACD_24m,PPO_24m,ROC_24m,MACD_48m,PPO_48m,ROC_48m,momentum_diff_ROC_24m_48m
XLI,2020-02-03 00:00:00,selectkbest,skewness_6m,skewness_24m,kurtosis_24m,MACD_3m,MACD_6m,MACD_12m,MACD_24m,MACD_48m,ROC_48m,momentum_diff_ROC_24m_48m
XLK,2020-02-03 00:00:00,selectkbest,MACD_3m,MACD_6m,MACD_12m,ROC_12m,RSI_24m,MACD_24m,MACD_48m,momentum_diff_ADX_24m_48m,month,adl
XLF,2020-02-03 00:00:00,shap,CPIAUCSL,price_oscillator,momentum_diff_ROC_3m_6m,BOPGSTB,open,obv,ADX_6m,close_or,momentum_diff_ROC_12m_24m,volume
XLF,2020-02-03 00:00:00,causal,CPIAUCSL,price_oscillator,momentum_diff_ROC_3m_6m,bollinger_low_6,obv,BOPGSTB,PPIACO,skewness_24m,RSI_12m,bollinger_low_3
XLF,2020-02-03 00:00:00,estatico,price_oscillator,MACD_3m,obv,skewness_6m,volume,skewness_3m,bollinger_high_6,CPIAUCSL,MACD_48m,kurtosis_6m
XLP,2020-02-03 00:00:00,shap,ADX_3m,bollinger_low_3,bollinger_high_12,momentum_diff_ROC_6m_12m,bollinger_high_48,MACD_3m,skewness_3m,obv,momentum_diff_ADX_3m_6m,ROC_24m
XLP,2020-02-03 00:00:00,causal,adl,bollinger_low_3,bollinger_low_12,skewness_3m,volume,obv,kurtosis_6m,ADX_3m,momentum_diff_ADX_3m_6m,momentum_diff_ROC_6m_12m
XLP,2020-02-03 00:00:00,estatico,price_oscillator,MACD_3m,obv,skewness_6m,volume,skewness_3m,bollinger_high_6,CPIAUCSL,MACD_48m,kurtosis_6m
XLF,2020-02-03 00:00:00,selectkbest,MACD_3m,ADX_3m,MACD_6m,MACD_12m,ADX_12m,RSI_24m,MACD_24m,ADX_24m,MACD_48m,price_oscillator
XLY,2020-02-03 00:00:00,shap,CPIAUCSL,obv,bollinger_high_6,ROC_12m,bollinger_high_12,MACD_3m,momentum_diff_ADX_3m_6m,ADX_6m,price_oscillator,BOPGSTB
XLY,2020-02-03 00:00:00,causal,bollinger_high_6,CPIAUCSL,bollinger_high_12,ROC_12m,obv,ADX_6m,bollinger_low_6,bollinger_low_3,skewness_12m,ROC_3m
XLY,2020-02-03 00:00:00,estatico,price_oscillator,MACD_3m,obv,skewness_6m,volume,skewness_3m,bollinger_high_6,CPIAUCSL,MACD_48m,kurtosis_6m
XLV,2020-02-03 00:00:00,shap,bollinger_high_3,momentum_diff_ROC_12m_24m,kurtosis_24m,RSI_6m,PPO_3m,skewness_3m,price_oscillator,momentum_diff_ADX_3m_6m,BOPGSTB,RSI_48m
XLV,2020-02-03 00:00:00,causal,bollinger_high_3,PPO_3m,BOPGSTB,skewness_24m,skewness_3m,kurtosis_12m,kurtosis_24m,ROC_24m,bollinger_low_12,momentum_diff_RSI_3m_6m
XLP,2020-02-03 00:00:00,selectkbest,kurtosis_24m,MACD_3m,ADX_3m,MACD_6m,MACD_12m,MACD_24m,RSI_48m,MACD_48m,momentum_diff_ADX_3m_6m,momentum_diff_RSI_24m_48m
XLV,2020-02-03 00:00:00,estatico,price_oscillator,MACD_3m,obv,skewness_6m,volume,skewness_3m,bollinger_high_6,CPIAUCSL,MACD_48m,kurtosis_6m
XLY,2020-02-03 00:00:00,selectkbest,MACD_3m,ROC_3m,MACD_6m,MACD_12m,RSI_24m,MACD_24m,RSI_48m,MACD_48m,momentum_diff_RSI_24m_48m,momentum_diff_ROC_24m_48m
XLV,2020-02-03 00:00:00,selectkbest,MACD_3m,MACD_6m,MACD_12m,MACD_24m,ROC_24m,RSI_48m,MACD_48m,momentum_diff_ROC_12m_24m,momentum_diff_RSI_24m_48m,bollinger_high_3
XLU,2020-02-03 00:00:00,shap,bollinger_high_6,momentum_diff_RSI_3m_6m,volume,momentum_diff_RSI_12m_24m,MACD_3m,bollinger_low_6,kurtosis_24m,bollinger_high_48,skewness_3m,skewness_12m
XLU,2020-02-03 00:00:00,causal,bollinger_high_6,skewness_3m,volume,momentum_diff_ROC_3m_6m,momentum_diff_RSI_6m_12m,bollinger_high_12,momentum_diff_ADX_6m_12m,ADX_3m,price_oscillator,momentum_diff_RSI_3m_6m
XLU,2020-02-03 00:00:00,estatico,price_oscillator,MACD_3m,obv,skewness_6m,volume,skewness_3m,bollinger_high_6,CPIAUCSL,MACD_48m,kurtosis_6m
IYR,2020-02-03 00:00:00,shap,kurtosis_6m,bollinger_high_3,PPO_3m,BOPGSTB,kurtosis_24m,ROC_12m,bollinger_low_3,momentum_diff_ROC_12m_24m,open,volume
IYR,2020-02-03 00:00:00,causal,CPIAUCSL,obv,momentum_diff_ROC_12m_24m,bollinger_low_6,volume,RSI_24m,kurtosis_6m,ROC_12m,skewness_3m,bollinger_low_12
XLU,2020-02-03 00:00:00,selectkbest,MACD_3m,MACD_6m,MACD_12m,MACD_24m,MACD_48m,momentum_diff_ROC_3m_6m,momentum_diff_ADX_3m_6m,momentum_diff_RSI_24m_48m,bollinger_high_6,bollinger_high_12
IYR,2020-02-03 00:00:00,estatico,price_oscillator,MACD_3m,obv,skewness_6m,volume,skewness_3m,bollinger_high_6,CPIAUCSL,MACD_48m,kurtosis_6m
VOX,2020-02-03 00:00:00,estatico,price_oscillator,MACD_3m,obv,skewness_6m,volume,skewness_3m,bollinger_high_6,CPIAUCSL,MACD_48m,kurtosis_6m
VOX,2020-02-03 00:00:00,causal,skewness_6m,CPIAUCSL,skewness_3m,ROC_12m,bollinger_high_6,adl,momentum_diff_ADX_3m_6m,price_oscillator,ADX_12m,skewness_24m
VOX,2020-02-03 00:00:00,shap,ADX_12m,skewness_6m,skewness_3m,ROC_12m,bollinger_high_6,volume,bollinger_low_3,RSI_12m,bollinger_high_3,RSI_6m
SPY,2020-02-03 00:00:00,shap,kurtosis_6m,CPIAUCSL,obv,bollinger_high_6,bollinger_high_12,volume,MACD_3m,price_oscillator,kurtosis_48m,momentum_diff_RSI_24m_48m
IYR,2020-02-03 00:00:00,selectkbest,skewness_6m,kurtosis_6m,skewness_12m,ROC_12m,RSI_24m,MACD_24m,MACD_48m,momentum_diff_ROC_6m_12m,momentum_diff_ROC_12m_24m,price_oscillator
SPY,2020-02-03 00:00:00,causal,CPIAUCSL,RSI_12m,price_oscillator,bollinger_low_6,kurtosis_12m,momentum_diff_ROC_3m_6m,kurtosis_48m,bollinger_low_12,kurtosis_6m,momentum_diff_ROC_24m_48m
SPY,2020-02-03 00:00:00,estatico,price_oscillator,MACD_3m,obv,skewness_6m,volume,skewness_3m,bollinger_high_6,CPIAUCSL,MACD_48m,kurtosis_6m
VOX,2020-02-03 00:00:00,selectkbest,volume,skewness_3m,skewness_6m,MACD_3m,MACD_6m,MACD_12m,MACD_24m,MACD_48m,month,obv
SPY,2020-02-03 00:00:00,selectkbest,MACD_3m,MACD_6m,ROC_6m,MACD_12m,RSI_24m,MACD_24m,MACD_48m,momentum_diff_ROC_3m_6m,momentum_diff_ROC_6m_12m,adl
XLE,2020-03-02 00:00:00,shap,high,price_oscillator,BOPGSTB,momentum_diff_ROC_12m_24m,open,ROC_6m,month,kurtosis_24m,obv,RSI_6m
XLE,2020-03-02 00:00:00,causal,price_oscillator,high,open,ROC_6m,BOPGSTB,volume,bollinger_high_12,momentum_diff_ROC_12m_24m,skewness_3m,skewness_6m
XLE,2020-03-02 00:00:00,estatico,price_oscillator,MACD_3m,obv,skewness_6m,volume,skewness_3m,bollinger_high_6,CPIAUCSL,MACD_48m,kurtosis_6m
XLB,2020-03-02 00:00:00,shap,bollinger_low_6,momentum_diff_ROC_3m_6m,obv,ADX_3m,RSI_12m,ROC_48m,BOPGSTB,RSI_3m,open,PPO_3m
XLB,2020-03-02 00:00:00,causal,skewness_24m,bollinger_low_6,skewness_6m,ADX_3m,ROC_48m,obv,high,BOPGSTB,ADX_6m,momentum_diff_ROC_3m_6m
XLB,2020-03-02 00:00:00,estatico,price_oscillator,MACD_3m,obv,skewness_6m,volume,skewness_3m,bollinger_high_6,CPIAUCSL,MACD_48m,kurtosis_6m
XLI,2020-03-02 00:00:00,causal,CPIAUCSL,ROC_6m,momentum_diff_ROC_3m_6m,kurtosis_12m,obv,bollinger_low_6,bollinger_low_3,momentum_diff_RSI_12m_24m,skewness_6m,bollinger_high_6
XLI,2020-03-02 00:00:00,shap,skewness_24m,skewness_6m,ROC_6m,momentum_diff_ROC_24m_48m,kurtosis_24m,obv,volume,kurtosis_6m,bollinger_low_3,price_oscillator
XLI,2020-03-02 00:00:00,estatico,price_oscillator,MACD_3m,obv,skewness_6m,volume,skewness_3m,bollinger_high_6,CPIAUCSL,MACD_48m,kurtosis_6m
XLE,2020-03-02 00:00:00,selectkbest,open,high,low,close_or,ROC_6m,momentum_diff_ROC_3m_6m,momentum_diff_ADX_24m_48m,GDP,CPIAUCSL,UNRATE
XLK,2020-03-02 00:00:00,causal,obv,CPIAUCSL,bollinger_low_12,bollinger_high_6,bollinger_high_12,bollinger_low_3,ROC_12m,ROC_24m,momentum_diff_ROC_12m_24m,momentum_diff_ROC_3m_6m
XLK,2020-03-02 00:00:00,shap,obv,bollinger_high_6,MACD_3m,ROC_24m,CPIAUCSL,open,skewness_6m,momentum_diff_ROC_24m_48m,bollinger_high_12,momentum_diff_ADX_6m_12m
XLK,2020-03-02 00:00:00,estatico,price_oscillator,MACD_3m,obv,skewness_6m,volume,skewness_3m,bollinger_high_6,CPIAUCSL,MACD_48m,kurtosis_6m
XLB,2020-03-02 00:00:00,selectkbest,PPO_3m,PPO_6m,PPO_12m,PPO_24m,ROC_24m,PPO_48m,ROC_48m,ADX_48m,momentum_diff_ROC_24m_48m,bollinger_low_24
XLI,2020-03-02 00:00:00,selectkbest,skewness_6m,skewness_12m,skewness_24m,MACD_3m,MACD_6m,MACD_12m,MACD_24m,MACD_48m,ROC_48m,momentum_diff_ROC_24m_48m
XLK,2020-03-02 00:00:00,selectkbest,skewness_6m,skewness_24m,MACD_3m,MACD_6m,MACD_12m,ROC_12m,RSI_24m,MACD_24m,MACD_48m,momentum_diff_ADX_24m_48m
XLF,2020-03-02 00:00:00,shap,CPIAUCSL,open,price_oscillator,momentum_diff_ROC_3m_6m,obv,bollinger_high_3,volume,BOPGSTB,ADX_6m,skewness_3m
XLF,2020-03-02 00:00:00,causal,CPIAUCSL,price_oscillator,bollinger_low_6,adl,obv,ADX_24m,momentum_diff_ROC_3m_6m,ROC_6m,BOPGSTB,bollinger_high_3
XLF,2020-03-02 00:00:00,estatico,price_oscillator,MACD_3m,obv,skewness_6m,volume,skewness_3m,bollinger_high_6,CPIAUCSL,MACD_48m,kurtosis_6m
XLP,2020-03-02 00:00:00,shap,ADX_3m,bollinger_low_3,kurtosis_6m,momentum_diff_ADX_3m_6m,bollinger_high_12,ROC_6m,price_oscillator,bollinger_low_12,volume,ADX_48m
XLP,2020-03-02 00:00:00,causal,bollinger_low_3,skewness_12m,bollinger_low_12,ADX_3m,PPO_3m,momentum_diff_ROC_6m_12m,bollinger_high_12,obv,adl,RSI_6m
XLP,2020-03-02 00:00:00,estatico,price_oscillator,MACD_3m,obv,skewness_6m,volume,skewness_3m,bollinger_high_6,CPIAUCSL,MACD_48m,kurtosis_6m
XLF,2020-03-02 00:00:00,selectkbest,MACD_3m,ADX_3m,MACD_6m,MACD_12m,ADX_12m,RSI_24m,MACD_24m,ADX_24m,MACD_48m,price_oscillator
XLY,2020-03-02 00:00:00,estatico,price_oscillator,MACD_3m,obv,skewness_6m,volume,skewness_3m,bollinger_high_6,CPIAUCSL,MACD_48m,kurtosis_6m
XLY,2020-03-02 00:00:00,causal,CPIAUCSL,bollinger_high_6,bollinger_high_12,bollinger_low_6,ROC_12m,ADX_6m,bollinger_low_3,obv,ADX_3m,price_oscillator
XLY,2020-03-02 00:00:00,shap,CPIAUCSL,obv,MACD_3m,momentum_diff_ADX_3m_6m,bollinger_high_12,bollinger_high_6,ROC_24m,price_oscillator,bollinger_low_3,ADX_6m
XLV,2020-03-02 00:00:00,shap,bollinger_high_3,PPO_3m,momentum_diff_ROC_12m_24m,bollinger_high_24,price_oscillator,BOPGSTB,RSI_12m,adl,kurtosis_6m,open
XLV,2020-03-02 00:00:00,causal,bollinger_high_3,skewness_24m,PPO_3m,BOPGSTB,kurtosis_6m,ADX_12m,ADX_48m,kurtosis_12m,skewness_48m,ROC_24m
XLV,2020-03-02 00:00:00,estatico,price_oscillator,MACD_3m,obv,skewness_6m,volume,skewness_3m,bollinger_high_6,CPIAUCSL,MACD_48m,kurtosis_6m
XLP,2020-03-02 00:00:00,selectkbest,kurtosis_24m,MACD_3m,ADX_3m,MACD_6m,MACD_12m,MACD_24m,RSI_48m,MACD_48m,momentum_diff_ADX_3m_6m,bollinger_low_3
XLY,2020-03-02 00:00:00,selectkbest,skewness_24m,MACD_3m,ROC_3m,MACD_6m,MACD_12m,RSI_24m,MACD_24m,RSI_48m,MACD_48m,momentum_diff_ROC_24m_48m
XLU,2020-03-02 00:00:00,shap,bollinger_high_6,MACD_3m,volume,bollinger_high_48,momentum_diff_RSI_12m_24m,low,kurtosis_12m,momentum_diff_RSI_3m_6m,kurtosis_24m,skewness_3m
XLU,2020-03-02 00:00:00,causal,bollinger_high_6,momentum_diff_ROC_3m_6m,volume,momentum_diff_RSI_12m_24m,skewness_3m,ADX_3m,price_oscillator,bollinger_high_48,momentum_diff_ADX_6m_12m,momentum_diff_RSI_6m_12m
XLV,2020-03-02 00:00:00,selectkbest,kurtosis_6m,MACD_3m,MACD_6m,MACD_12m,MACD_24m,ROC_24m,MACD_48m,momentum_diff_ROC_12m_24m,bollinger_high_3,PPIACO
XLU,2020-03-02 00:00:00,estatico,price_oscillator,MACD_3m,obv,skewness_6m,volume,skewness_3m,bollinger_high_6,CPIAUCSL,MACD_48m,kurtosis_6m
IYR,2020-03-02 00:00:00,shap,momentum_diff_ROC_12m_24m,kurtosis_6m,PPO_3m,ROC_12m,bollinger_high_3,skewness_24m,volume,open,bollinger_low_3,bollinger_low_12
IYR,2020-03-02 00:00:00,causal,CPIAUCSL,obv,momentum_diff_ROC_12m_24m,volume,bollinger_low_6,RSI_24m,kurtosis_6m,ROC_12m,price_oscillator,ADX_6m
XLU,2020-03-02 00:00:00,selectkbest,MACD_3m,MACD_6m,MACD_12m,MACD_24m,MACD_48m,momentum_diff_ROC_3m_6m,momentum_diff_ADX_3m_6m,momentum_diff_ROC_6m_12m,momentum_diff_RSI_24m_48m,bollinger_high_6
VOX,2020-03-02 00:00:00,shap,skewness_6m,ADX_12m,skewness_3m,MACD_3m,bollinger_high_12,ROC_12m,volume,bollinger_high_6,open,momentum_diff_ADX_3m_6m
VOX,2020-03-02 00:00:00,causal,CPIAUCSL,skewness_6m,RSI_6m,skewness_3m,ADX_12m,ROC_12m,bollinger_high_6,adl,low,price_oscillator
IYR,2020-03-02 00:00:00,estatico,price_oscillator,MACD_3m,obv,skewness_6m,volume,skewness_3m,bollinger_high_6,CPIAUCSL,MACD_48m,kurtosis_6m
VOX,2020-03-02 00:00:00,estatico,price_oscillator,MACD_3m,obv,skewness_6m,volume,skewness_3m,bollinger_high_6,CPIAUCSL,MACD_48m,kurtosis_6m
SPY,2020-03-02 00:00:00,shap,bollinger_high_6,kurtosis_48m,CPIAUCSL,kurtosis_6m,bollinger_high_12,skewness_48m,price_oscillator,skewness_6m,MACD_3m,ROC_6m
IYR,2020-03-02 00:00:00,selectkbest,skewness_6m,kurtosis_6m,skewness_12m,ROC_12m,RSI_24m,MACD_24m,MACD_48m,momentum_diff_ROC_6m_12m,momentum_diff_ROC_12m_24m,price_oscillator
SPY,2020-03-02 00:00:00,causal,CPIAUCSL,RSI_12m,kurtosis_48m,bollinger_low_6,price_oscillator,kurtosis_12m,momentum_diff_ROC_3m_6m,skewness_6m,ROC_6m,bollinger_low_12
VOX,2020-03-02 00:00:00,selectkbest,volume,skewness_3m,skewness_6m,MACD_3m,MACD_6m,MACD_12m,MACD_24m,RSI_48m,MACD_48m,obv
SPY,2020-03-02 00:00:00,estatico,price_oscillator,MACD_3m,obv,skewness_6m,volume,skewness_3m,bollinger_high_6,CPIAUCSL,MACD_48m,kurtosis_6m
SPY,2020-03-02 00:00:00,selectkbest,skewness_24m,MACD_3m,MACD_6m,ROC_6m,MACD_12m,RSI_24m,MACD_24m,MACD_48m,momentum_diff_ROC_3m_6m,momentum_diff_ROC_6m_12m
XLE,2020-04-01 00:00:00,shap,open,volume,price_oscillator,obv,ROC_6m,momentum_diff_ROC_12m_24m,CPIAUCSL,month,RSI_6m,skewness_3m
XLE,2020-04-01 00:00:00,causal,kurtosis_24m,obv,momentum_diff_ROC_12m_24m,open,GDP,bollinger_low_24,bollinger_low_12,high,volume,price_oscillator
XLE,2020-04-01 00:00:00,estatico,price_oscillator,MACD_3m,obv,skewness_6m,volume,skewness_3m,bollinger_high_6,CPIAUCSL,MACD_48m,kurtosis_6m
XLB,2020-04-01 00:00:00,shap,bollinger_low_6,ADX_3m,obv,momentum_diff_ROC_3m_6m,RSI_12m,open,ROC_48m,bollinger_low_48,skewness_6m,RSI_3m
XLB,2020-04-01 00:00:00,causal,skewness_6m,skewness_24m,bollinger_low_6,ADX_3m,ADX_6m,RSI_3m,skewness_3m,obv,ROC_48m,skewness_48m
XLB,2020-04-01 00:00:00,estatico,price_oscillator,MACD_3m,obv,skewness_6m,volume,skewness_3m,bollinger_high_6,CPIAUCSL,MACD_48m,kurtosis_6m
XLI,2020-04-01 00:00:00,shap,skewness_6m,kurtosis_12m,CPIAUCSL,bollinger_high_12,bollinger_low_3,kurtosis_24m,momentum_diff_ROC_3m_6m,bollinger_high_6,momentum_diff_ROC_24m_48m,bollinger_low_6
XLI,2020-04-01 00:00:00,causal,momentum_diff_ROC_3m_6m,CPIAUCSL,bollinger_low_6,ROC_6m,bollinger_low_3,skewness_6m,kurtosis_6m,skewness_12m,high,kurtosis_12m
XLI,2020-04-01 00:00:00,estatico,price_oscillator,MACD_3m,obv,skewness_6m,volume,skewness_3m,bollinger_high_6,CPIAUCSL,MACD_48m,kurtosis_6m
XLE,2020-04-01 00:00:00,selectkbest,high,volume,close_or,ADX_48m,momentum_diff_ADX_24m_48m,GDP,CPIAUCSL,FEDFUNDS,UNRATE,UMCSENT
XLK,2020-04-01 00:00:00,shap,ROC_24m,bollinger_high_6,skewness_6m,obv,CPIAUCSL,skewness_48m,open,ROC_12m,PPO_3m,momentum_diff_ROC_6m_12m
XLK,2020-04-01 00:00:00,causal,obv,bollinger_high_12,bollinger_high_6,CPIAUCSL,skewness_6m,price_oscillator,ROC_12m,bollinger_low_12,ROC_24m,skewness_3m
XLK,2020-04-01 00:00:00,estatico,price_oscillator,MACD_3m,obv,skewness_6m,volume,skewness_3m,bollinger_high_6,CPIAUCSL,MACD_48m,kurtosis_6m
XLB,2020-04-01 00:00:00,selectkbest,PPO_3m,PPO_6m,PPO_12m,PPO_24m,ROC_24m,PPO_48m,ROC_48m,ADX_48m,momentum_diff_ROC_24m_48m,bollinger_low_24
XLI,2020-04-01 00:00:00,selectkbest,volume,skewness_6m,kurtosis_6m,skewness_12m,skewness_24m,kurtosis_24m,kurtosis_48m,RSI_24m,ROC_48m,momentum_diff_ROC_24m_48m
XLK,2020-04-01 00:00:00,selectkbest,skewness_6m,skewness_24m,MACD_3m,MACD_6m,MACD_12m,ROC_12m,RSI_24m,MACD_24m,MACD_48m,ROC_48m
XLF,2020-04-01 00:00:00,shap,CPIAUCSL,open,price_oscillator,momentum_diff_ROC_3m_6m,volume,obv,skewness_3m,BOPGSTB,momentum_diff_ROC_6m_12m,ROC_12m
XLF,2020-04-01 00:00:00,causal,CPIAUCSL,price_oscillator,bollinger_high_3,bollinger_low_6,momentum_diff_ADX_3m_6m,adl,BOPGSTB,kurtosis_12m,volume,momentum_diff_ROC_3m_6m
XLF,2020-04-01 00:00:00,estatico,price_oscillator,MACD_3m,obv,skewness_6m,volume,skewness_3m,bollinger_high_6,CPIAUCSL,MACD_48m,kurtosis_6m
XLP,2020-04-01 00:00:00,shap,ADX_3m,bollinger_low_3,bollinger_low_12,bollinger_high_12,momentum_diff_ADX_3m_6m,ROC_6m,volume,momentum_diff_ROC_6m_12m,MACD_3m,obv
XLP,2020-04-01 00:00:00,causal,bollinger_low_3,adl,ADX_3m,bollinger_low_12,PPO_3m,momentum_diff_ADX_3m_6m,volume,skewness_12m,RSI_6m,bollinger_high_6
XLP,2020-04-01 00:00:00,estatico,price_oscillator,MACD_3m,obv,skewness_6m,volume,skewness_3m,bollinger_high_6,CPIAUCSL,MACD_48m,kurtosis_6m
XLF,2020-04-01 00:00:00,selectkbest,ADX_3m,MACD_6m,RSI_12m,MACD_12m,RSI_24m,MACD_24m,ADX_24m,MACD_48m,momentum_diff_RSI_12m_24m,price_oscillator
XLY,2020-04-01 00:00:00,shap,skewness_24m,obv,ROC_12m,bollinger_high_3,RSI_3m,MACD_3m,price_oscillator,bollinger_high_6,skewness_6m,momentum_diff_RSI_3m_6m
XLY,2020-04-01 00:00:00,causal,CPIAUCSL,bollinger_high_6,ROC_12m,obv,momentum_diff_ADX_3m_6m,bollinger_high_12,skewness_24m,price_oscillator,momentum_diff_ROC_3m_6m,ROC_6m
XLY,2020-04-01 00:00:00,estatico,price_oscillator,MACD_3m,obv,skewness_6m,volume,skewness_3m,bollinger_high_6,CPIAUCSL,MACD_48m,kurtosis_6m
XLV,2020-04-01 00:00:00,shap,PPO_3m,bollinger_high_3,kurtosis_6m,ROC_24m,RSI_12m,skewness_24m,price_oscillator,momentum_diff_RSI_3m_6m,ROC_6m,RSI_3m
XLV,2020-04-01 00:00:00,causal,PPO_3m,bollinger_high_3,skewness_24m,kurtosis_6m,BOPGSTB,ADX_48m,ROC_24m,bollinger_low_6,ROC_6m,momentum_diff_RSI_3m_6m
XLP,2020-04-01 00:00:00,selectkbest,kurtosis_6m,kurtosis_24m,MACD_3m,ADX_3m,MACD_6m,MACD_12m,MACD_24m,MACD_48m,momentum_diff_ADX_3m_6m,momentum_diff_ADX_6m_12m
XLV,2020-04-01 00:00:00,estatico,price_oscillator,MACD_3m,obv,skewness_6m,volume,skewness_3m,bollinger_high_6,CPIAUCSL,MACD_48m,kurtosis_6m
XLY,2020-04-01 00:00:00,selectkbest,skewness_24m,MACD_3m,ROC_3m,MACD_6m,MACD_12m,RSI_24m,MACD_24m,MACD_48m,ROC_48m,momentum_diff_ROC_24m_48m
XLV,2020-04-01 00:00:00,selectkbest,kurtosis_6m,MACD_3m,MACD_6m,MACD_12m,MACD_24m,ROC_24m,MACD_48m,momentum_diff_ROC_12m_24m,bollinger_high_3,PPIACO
XLU,2020-04-01 00:00:00,shap,bollinger_high_48,bollinger_high_6,MACD_3m,volume,momentum_diff_RSI_3m_6m,price_oscillator,kurtosis_24m,bollinger_low_6,skewness_3m,momentum_diff_RSI_6m_12m
XLU,2020-04-01 00:00:00,causal,bollinger_high_6,ADX_3m,momentum_diff_ROC_3m_6m,skewness_3m,momentum_diff_ADX_6m_12m,volume,kurtosis_24m,price_oscillator,bollinger_high_48,momentum_diff_RSI_6m_12m
XLU,2020-04-01 00:00:00,estatico,price_oscillator,MACD_3m,obv,skewness_6m,volume,skewness_3m,bollinger_high_6,CPIAUCSL,MACD_48m,kurtosis_6m
IYR,2020-04-01 00:00:00,shap,kurtosis_6m,momentum_diff_ROC_12m_24m,ROC_12m,PPO_3m,volume,BOPGSTB,bollinger_high_3,bollinger_low_3,skewness_24m,obv
IYR,2020-04-01 00:00:00,causal,momentum_diff_ROC_12m_24m,CPIAUCSL,obv,volume,kurtosis_6m,bollinger_low_6,skewness_12m,RSI_24m,bollinger_low_12,price_oscillator
IYR,2020-04-01 00:00:00,estatico,price_oscillator,MACD_3m,obv,skewness_6m,volume,skewness_3m,bollinger_high_6,CPIAUCSL,MACD_48m,kurtosis_6m
XLU,2020-04-01 00:00:00,selectkbest,volume,MACD_3m,MACD_6m,MACD_12m,MACD_24m,MACD_48m,momentum_diff_ROC_3m_6m,momentum_diff_ROC_6m_12m,bollinger_high_6,bollinger_high_12
VOX,2020-04-01 00:00:00,causal,skewness_6m,skewness_3m,ROC_12m,bollinger_high_6,momentum_diff_ADX_6m_12m,ADX_12m,bollinger_high_3,CPIAUCSL,bollinger_low_3,PPO_3m
VOX,2020-04-01 00:00:00,shap,skewness_6m,ADX_12m,skewness_3m,ROC_12m,bollinger_low_3,volume,bollinger_high_6,BOPGSTB,ROC_6m,price_oscillator
VOX,2020-04-01 00:00:00,estatico,price_oscillator,MACD_3m,obv,skewness_6m,volume,skewness_3m,bollinger_high_6,CPIAUCSL,MACD_48m,kurtosis_6m
SPY,2020-04-01 00:00:00,shap,CPIAUCSL,skewness_48m,bollinger_high_12,kurtosis_6m,bollinger_high_6,price_oscillator,volume,obv,ADX_48m,MACD_3m
SPY,2020-04-01 00:00:00,causal,CPIAUCSL,RSI_12m,bollinger_low_12,price_oscillator,kurtosis_48m,volume,skewness_48m,ROC_6m,kurtosis_12m,skewness_6m
IYR,2020-04-01 00:00:00,selectkbest,skewness_6m,kurtosis_6m,skewness_12m,kurtosis_12m,ROC_12m,RSI_24m,momentum_diff_ROC_6m_12m,momentum_diff_RSI_12m_24m,momentum_diff_ROC_12m_24m,price_oscillator
SPY,2020-04-01 00:00:00,estatico,price_oscillator,MACD_3m,obv,skewness_6m,volume,skewness_3m,bollinger_high_6,CPIAUCSL,MACD_48m,kurtosis_6m
SPY,2020-04-01 00:00:00,selectkbest,skewness_24m,kurtosis_48m,MACD_6m,ROC_6m,MACD_12m,RSI_24m,MACD_24m,MACD_48m,momentum_diff_ROC_3m_6m,momentum_diff_ROC_6m_12m
VOX,2020-04-01 00:00:00,selectkbest,volume,skewness_3m,skewness_6m,kurtosis_6m,MACD_3m,MACD_6m,MACD_12m,MACD_24m,MACD_48m,adl
XLE,2020-05-01 00:00:00,shap,open,price_oscillator,momentum_diff_ROC_12m_24m,volume,obv,month,kurtosis_24m,PPIACO,bollinger_high_12,CPIAUCSL
XLE,2020-05-01 00:00:00,causal,kurtosis_24m,momentum_diff_ROC_12m_24m,obv,T10Y2Y,volume,open,momentum_diff_ADX_6m_12m,bollinger_low_12,ROC_6m,momentum_diff_ROC_6m_12m
XLE,2020-05-01 00:00:00,estatico,price_oscillator,MACD_3m,obv,skewness_6m,volume,skewness_3m,bollinger_high_6,CPIAUCSL,MACD_48m,kurtosis_6m
XLB,2020-05-01 00:00:00,shap,ADX_3m,bollinger_low_6,momentum_diff_ROC_3m_6m,RSI_3m,RSI_12m,ROC_48m,bollinger_low_48,obv,skewness_6m,price_oscillator
XLB,2020-05-01 00:00:00,causal,skewness_6m,ROC_48m,ADX_6m,skewness_24m,bollinger_low_6,skewness_3m,ADX_3m,bollinger_low_12,obv,BOPGSTB
XLB,2020-05-01 00:00:00,estatico,price_oscillator,MACD_3m,obv,skewness_6m,volume,skewness_3m,bollinger_high_6,CPIAUCSL,MACD_48m,kurtosis_6m
XLI,2020-05-01 00:00:00,shap,ROC_6m,bollinger_low_3,bollinger_high_6,CPIAUCSL,momentum_diff_ROC_3m_6m,BOPGSTB,momentum_diff_ROC_24m_48m,skewness_24m,kurtosis_6m,price_oscillator
XLI,2020-05-01 00:00:00,causal,CPIAUCSL,skewness_6m,ROC_6m,momentum_diff_ROC_3m_6m,kurtosis_6m,bollinger_high_6,obv,bollinger_high_12,bollinger_low_3,kurtosis_12m
XLI,2020-05-01 00:00:00,estatico,price_oscillator,MACD_3m,obv,skewness_6m,volume,skewness_3m,bollinger_high_6,CPIAUCSL,MACD_48m,kurtosis_6m
XLE,2020-05-01 00:00:00,selectkbest,open,high,low,volume,close_or,kurtosis_24m,kurtosis_48m,bollinger_low_48,UNRATE,TB3MS
XLK,2020-05-01 00:00:00,causal,bollinger_high_12,bollinger_low_3,bollinger_high_6,bollinger_low_12,obv,MACD_3m,CPIAUCSL,skewness_3m,momentum_diff_ROC_3m_6m,PPIACO
XLK,2020-05-01 00:00:00,shap,skewness_3m,MACD_3m,bollinger_high_12,skewness_6m,BOPGSTB,price_oscillator,bollinger_low_12,momentum_diff_ROC_24m_48m,bollinger_high_6,RSI_12m
XLK,2020-05-01 00:00:00,estatico,price_oscillator,MACD_3m,obv,skewness_6m,volume,skewness_3m,bollinger_high_6,CPIAUCSL,MACD_48m,kurtosis_6m
XLB,2020-05-01 00:00:00,selectkbest,PPO_3m,PPO_6m,PPO_12m,MACD_24m,PPO_24m,ROC_24m,MACD_48m,PPO_48m,ROC_48m,bollinger_low_24
XLI,2020-05-01 00:00:00,selectkbest,volume,skewness_6m,kurtosis_6m,skewness_12m,skewness_24m,MACD_12m,MACD_24m,MACD_48m,ROC_48m,momentum_diff_ROC_24m_48m
XLK,2020-05-01 00:00:00,selectkbest,skewness_6m,MACD_3m,MACD_6m,MACD_12m,ROC_12m,RSI_24m,MACD_24m,MACD_48m,ROC_48m,momentum_diff_ADX_24m_48m
XLF,2020-05-01 00:00:00,shap,CPIAUCSL,price_oscillator,open,momentum_diff_ROC_3m_6m,bollinger_low_6,obv,volume,momentum_diff_ROC_6m_12m,BOPGSTB,skewness_3m
XLF,2020-05-01 00:00:00,causal,CPIAUCSL,price_oscillator,bollinger_low_6,adl,bollinger_high_3,ADX_6m,BOPGSTB,PPO_3m,obv,momentum_diff_ROC_6m_12m
XLF,2020-05-01 00:00:00,estatico,price_oscillator,MACD_3m,obv,skewness_6m,volume,skewness_3m,bollinger_high_6,CPIAUCSL,MACD_48m,kurtosis_6m
XLP,2020-05-01 00:00:00,causal,bollinger_low_3,bollinger_low_12,adl,bollinger_high_6,momentum_diff_ADX_3m_6m,skewness_3m,PPO_3m,skewness_12m,ADX_3m,RSI_6m
XLP,2020-05-01 00:00:00,shap,ADX_3m,bollinger_low_3,bollinger_low_12,bollinger_high_12,kurtosis_6m,price_oscillator,kurtosis_12m,MACD_3m,momentum_diff_ADX_3m_6m,ROC_3m
XLP,2020-05-01 00:00:00,estatico,price_oscillator,MACD_3m,obv,skewness_6m,volume,skewness_3m,bollinger_high_6,CPIAUCSL,MACD_48m,kurtosis_6m
XLF,2020-05-01 00:00:00,selectkbest,MACD_3m,ADX_3m,MACD_6m,MACD_12m,ADX_12m,RSI_24m,MACD_24m,ADX_24m,MACD_48m,price_oscillator
XLY,2020-05-01 00:00:00,shap,MACD_3m,skewness_24m,bollinger_high_12,CPIAUCSL,bollinger_high_6,bollinger_low_6,obv,bollinger_low_3,skewness_6m,momentum_diff_ADX_3m_6m
XLY,2020-05-01 00:00:00,causal,CPIAUCSL,bollinger_low_6,bollinger_high_6,ROC_12m,bollinger_low_12,bollinger_high_12,price_oscillator,ADX_3m,momentum_diff_ROC_3m_6m,bollinger_low_3
XLY,2020-05-01 00:00:00,estatico,price_oscillator,MACD_3m,obv,skewness_6m,volume,skewness_3m,bollinger_high_6,CPIAUCSL,MACD_48m,kurtosis_6m
XLV,2020-05-01 00:00:00,shap,bollinger_high_3,PPO_3m,momentum_diff_ROC_12m_24m,BOPGSTB,momentum_diff_RSI_6m_12m,skewness_24m,price_oscillator,kurtosis_24m,low,momentum_diff_RSI_3m_6m
XLV,2020-05-01 00:00:00,causal,bollinger_high_3,PPO_3m,skewness_24m,BOPGSTB,kurtosis_12m,ROC_24m,ADX_12m,momentum_diff_RSI_3m_6m,skewness_3m,ADX_48m
XLP,2020-05-01 00:00:00,selectkbest,kurtosis_6m,kurtosis_24m,MACD_3m,ADX_3m,MACD_6m,MACD_12m,MACD_24m,MACD_48m,momentum_diff_ADX_3m_6m,bollinger_low_12
XLV,2020-05-01 00:00:00,estatico,price_oscillator,MACD_3m,obv,skewness_6m,volume,skewness_3m,bollinger_high_6,CPIAUCSL,MACD_48m,kurtosis_6m
XLY,2020-05-01 00:00:00,selectkbest,MACD_3m,ROC_3m,MACD_6m,MACD_12m,MACD_24m,RSI_48m,MACD_48m,ROC_48m,momentum_diff_RSI_24m_48m,momentum_diff_ROC_24m_48m
XLV,2020-05-01 00:00:00,selectkbest,MACD_3m,MACD_6m,MACD_12m,MACD_24m,ROC_24m,MACD_48m,momentum_diff_ROC_12m_24m,momentum_diff_RSI_24m_48m,bollinger_high_3,PPIACO
XLU,2020-05-01 00:00:00,shap,MACD_3m,volume,skewness_3m,ADX_24m,bollinger_high_6,CPIAUCSL,bollinger_high_48,BOPGSTB,momentum_diff_RSI_12m_24m,kurtosis_24m
XLU,2020-05-01 00:00:00,causal,bollinger_high_6,skewness_3m,ADX_3m,momentum_diff_ROC_3m_6m,volume,momentum_diff_ADX_6m_12m,price_oscillator,momentum_diff_RSI_6m_12m,skewness_6m,RSI_24m
XLU,2020-05-01 00:00:00,estatico,price_oscillator,MACD_3m,obv,skewness_6m,volume,skewness_3m,bollinger_high_6,CPIAUCSL,MACD_48m,kurtosis_6m
IYR,2020-05-01 00:00:00,shap,kurtosis_6m,bollinger_high_3,bollinger_low_3,BOPGSTB,kurtosis_24m,ROC_12m,momentum_diff_ROC_12m_24m,ADX_12m,obv,open
IYR,2020-05-01 00:00:00,causal,CPIAUCSL,momentum_diff_ROC_12m_24m,volume,bollinger_low_6,obv,kurtosis_6m,RSI_24m,price_oscillator,week_of_year,ROC_12m
IYR,2020-05-01 00:00:00,estatico,price_oscillator,MACD_3m,obv,skewness_6m,volume,skewness_3m,bollinger_high_6,CPIAUCSL,MACD_48m,kurtosis_6m
XLU,2020-05-01 00:00:00,selectkbest,MACD_3m,MACD_6m,ROC_6m,MACD_12m,MACD_24m,MACD_48m,momentum_diff_ROC_3m_6m,momentum_diff_ROC_6m_12m,bollinger_high_6,bollinger_high_12
VOX,2020-05-01 00:00:00,shap,skewness_6m,skewness_3m,MACD_3m,ROC_12m,ADX_12m,open,low,volume,PPIACO,bollinger_high_6
VOX,2020-05-01 00:00:00,causal,skewness_6m,skewness_3m,CPIAUCSL,ROC_12m,adl,PPO_3m,bollinger_high_12,bollinger_low_3,bollinger_high_6,momentum_diff_ROC_6m_12m
VOX,2020-05-01 00:00:00,estatico,price_oscillator,MACD_3m,obv,skewness_6m,volume,skewness_3m,bollinger_high_6,CPIAUCSL,MACD_48m,kurtosis_6m
SPY,2020-05-01 00:00:00,shap,CPIAUCSL,MACD_3m,kurtosis_6m,bollinger_high_12,bollinger_high_6,RSI_12m,price_oscillator,skewness_48m,ADX_48m,skewness_6m
IYR,2020-05-01 00:00:00,selectkbest,skewness_6m,kurtosis_6m,skewness_12m,ROC_12m,RSI_24m,momentum_diff_ROC_6m_12m,momentum_diff_RSI_12m_24m,momentum_diff_ROC_12m_24m,bollinger_high_12,price_oscillator
SPY,2020-05-01 00:00:00,causal,RSI_12m,CPIAUCSL,skewness_48m,bollinger_high_12,kurtosis_48m,price_oscillator,kurtosis_12m,skewness_6m,bollinger_low_12,bollinger_low_6
SPY,2020-05-01 00:00:00,selectkbest,skewness_24m,MACD_3m,MACD_6m,ROC_6m,MACD_12m,RSI_24m,MACD_24m,MACD_48m,momentum_diff_ROC_3m_6m,momentum_diff_ROC_6m_12m
SPY,2020-05-01 00:00:00,estatico,price_oscillator,MACD_3m,obv,skewness_6m,volume,skewness_3m,bollinger_high_6,CPIAUCSL,MACD_48m,kurtosis_6m
VOX,2020-05-01 00:00:00,selectkbest,volume,skewness_6m,MACD_3m,MACD_6m,ROC_6m,MACD_12m,MACD_24m,RSI_48m,MACD_48m,momentum_diff_ROC_3m_6m
XLE,2020-06-01 00:00:00,shap,obv,volume,open,price_oscillator,bollinger_high_12,CPIAUCSL,ROC_6m,kurtosis_24m,BOPGSTB,ROC_12m
XLE,2020-06-01 00:00:00,causal,obv,kurtosis_24m,momentum_diff_ROC_12m_24m,ROC_6m,open,T10Y2Y,volume,price_oscillator,bollinger_low_12,momentum_diff_ROC_6m_12m
XLE,2020-06-01 00:00:00,estatico,price_oscillator,MACD_3m,obv,skewness_6m,volume,skewness_3m,bollinger_high_6,CPIAUCSL,MACD_48m,kurtosis_6m
XLB,2020-06-01 00:00:00,causal,bollinger_low_6,skewness_6m,skewness_3m,obv,ROC_48m,ADX_3m,skewness_24m,ADX_6m,bollinger_low_12,adl
XLB,2020-06-01 00:00:00,shap,bollinger_low_6,ADX_3m,momentum_diff_ROC_3m_6m,RSI_3m,BOPGSTB,RSI_12m,obv,skewness_6m,skewness_3m,ROC_48m
XLB,2020-06-01 00:00:00,estatico,price_oscillator,MACD_3m,obv,skewness_6m,volume,skewness_3m,bollinger_high_6,CPIAUCSL,MACD_48m,kurtosis_6m
XLI,2020-06-01 00:00:00,shap,bollinger_low_3,bollinger_high_6,CPIAUCSL,ROC_6m,kurtosis_24m,skewness_6m,momentum_diff_ROC_24m_48m,momentum_diff_RSI_24m_48m,open,kurtosis_12m
XLI,2020-06-01 00:00:00,causal,CPIAUCSL,bollinger_low_6,bollinger_low_3,kurtosis_6m,close_or,momentum_diff_ROC_3m_6m,skewness_6m,ROC_6m,bollinger_high_6,kurtosis_24m
XLI,2020-06-01 00:00:00,estatico,price_oscillator,MACD_3m,obv,skewness_6m,volume,skewness_3m,bollinger_high_6,CPIAUCSL,MACD_48m,kurtosis_6m
XLE,2020-06-01 00:00:00,selectkbest,open,high,low,volume,close_or,kurtosis_24m,kurtosis_48m,bollinger_low_48,UNRATE,TB3MS
XLK,2020-06-01 00:00:00,causal,bollinger_low_12,bollinger_high_12,obv,skewness_3m,bollinger_low_3,bollinger_high_6,MACD_3m,CPIAUCSL,momentum_diff_ROC_12m_24m,ROC_24m
XLK,2020-06-01 00:00:00,shap,ROC_24m,skewness_3m,momentum_diff_ROC_6m_12m,skewness_12m,BOPGSTB,price_oscillator,MACD_3m,bollinger_high_12,open,momentum_diff_ADX_6m_12m
XLK,2020-06-01 00:00:00,estatico,price_oscillator,MACD_3m,obv,skewness_6m,volume,skewness_3m,bollinger_high_6,CPIAUCSL,MACD_48m,kurtosis_6m
XLB,2020-06-01 00:00:00,selectkbest,PPO_3m,MACD_6m,PPO_6m,MACD_12m,PPO_12m,MACD_24m,PPO_24m,MACD_48m,PPO_48m,ROC_48m
XLI,2020-06-01 00:00:00,selectkbest,volume,skewness_6m,kurtosis_6m,skewness_24m,MACD_6m,MACD_12m,MACD_24m,MACD_48m,ROC_48m,momentum_diff_ROC_24m_48m
XLK,2020-06-01 00:00:00,selectkbest,skewness_6m,MACD_3m,MACD_6m,MACD_12m,ROC_12m,RSI_24m,MACD_24m,MACD_48m,ROC_48m,momentum_diff_ADX_24m_48m
XLF,2020-06-01 00:00:00,shap,CPIAUCSL,open,momentum_diff_ROC_3m_6m,price_oscillator,obv,volume,kurtosis_24m,bollinger_low_6,skewness_3m,momentum_diff_ROC_6m_12m
XLF,2020-06-01 00:00:00,causal,CPIAUCSL,price_oscillator,bollinger_low_6,bollinger_high_3,adl,ROC_12m,obv,ADX_6m,skewness_24m,BOPGSTB
XLF,2020-06-01 00:00:00,estatico,price_oscillator,MACD_3m,obv,skewness_6m,volume,skewness_3m,bollinger_high_6,CPIAUCSL,MACD_48m,kurtosis_6m
XLP,2020-06-01 00:00:00,shap,bollinger_low_3,bollinger_low_12,ADX_3m,kurtosis_6m,kurtosis_24m,MACD_3m,momentum_diff_ADX_3m_6m,PPO_3m,month,ROC_6m
XLP,2020-06-01 00:00:00,causal,bollinger_low_3,bollinger_low_12,skewness_3m,bollinger_high_6,ADX_3m,adl,RSI_6m,PPO_3m,momentum_diff_ADX_3m_6m,CPIAUCSL
XLP,2020-06-01 00:00:00,estatico,price_oscillator,MACD_3m,obv,skewness_6m,volume,skewness_3m,bollinger_high_6,CPIAUCSL,MACD_48m,kurtosis_6m
XLF,2020-06-01 00:00:00,selectkbest,MACD_3m,ADX_3m,MACD_6m,MACD_12m,ADX_12m,RSI_24m,MACD_24m,ADX_24m,MACD_48m,price_oscillator
XLY,2020-06-01 00:00:00,shap,price_oscillator,bollinger_high_12,CPIAUCSL,momentum_diff_ADX_3m_6m,bollinger_low_6,skewness_24m,RSI_3m,bollinger_high_6,ADX_3m,RSI_48m
XLY,2020-06-01 00:00:00,causal,bollinger_low_6,CPIAUCSL,bollinger_high_6,ROC_12m,bollinger_high_12,bollinger_low_12,ADX_3m,skewness_24m,momentum_diff_ROC_3m_6m,bollinger_low_3
XLY,2020-06-01 00:00:00,estatico,price_oscillator,MACD_3m,obv,skewness_6m,volume,skewness_3m,bollinger_high_6,CPIAUCSL,MACD_48m,kurtosis_6m
XLV,2020-06-01 00:00:00,causal,bollinger_high_3,PPO_3m,bollinger_low_6,kurtosis_6m,ADX_48m,ROC_24m,skewness_24m,skewness_3m,kurtosis_12m,momentum_diff_RSI_3m_6m
XLV,2020-06-01 00:00:00,shap,bollinger_high_3,PPO_3m,RSI_12m,price_oscillator,kurtosis_6m,RSI_3m,open,ADX_48m,adl,skewness_24m
XLP,2020-06-01 00:00:00,selectkbest,kurtosis_6m,kurtosis_24m,MACD_3m,ADX_3m,MACD_6m,MACD_12m,MACD_24m,MACD_48m,momentum_diff_ADX_3m_6m,bollinger_low_12
XLV,2020-06-01 00:00:00,estatico,price_oscillator,MACD_3m,obv,skewness_6m,volume,skewness_3m,bollinger_high_6,CPIAUCSL,MACD_48m,kurtosis_6m
XLY,2020-06-01 00:00:00,selectkbest,skewness_24m,MACD_3m,MACD_6m,MACD_12m,RSI_24m,MACD_24m,MACD_48m,ROC_48m,momentum_diff_ROC_24m_48m,bollinger_high_12
XLV,2020-06-01 00:00:00,selectkbest,MACD_3m,MACD_6m,MACD_12m,MACD_24m,ROC_24m,MACD_48m,momentum_diff_ROC_12m_24m,momentum_diff_RSI_24m_48m,bollinger_high_3,PPIACO
XLU,2020-06-01 00:00:00,shap,bollinger_high_6,skewness_3m,volume,momentum_diff_ADX_6m_12m,momentum_diff_RSI_6m_12m,MACD_3m,momentum_diff_RSI_3m_6m,kurtosis_24m,momentum_diff_ROC_3m_6m,bollinger_high_48
XLU,2020-06-01 00:00:00,causal,ADX_3m,bollinger_high_6,momentum_diff_ROC_3m_6m,skewness_3m,price_oscillator,bollinger_high_48,volume,momentum_diff_ADX_6m_12m,RSI_24m,ROC_12m
XLU,2020-06-01 00:00:00,estatico,price_oscillator,MACD_3m,obv,skewness_6m,volume,skewness_3m,bollinger_high_6,CPIAUCSL,MACD_48m,kurtosis_6m
IYR,2020-06-01 00:00:00,shap,kurtosis_6m,bollinger_high_3,momentum_diff_ROC_12m_24m,BOPGSTB,ROC_12m,bollinger_low_3,ADX_12m,obv,RSI_3m,open
IYR,2020-06-01 00:00:00,causal,CPIAUCSL,momentum_diff_ROC_12m_24m,volume,bollinger_low_6,obv,kurtosis_6m,RSI_24m,price_oscillator,bollinger_low_3,ROC_12m
XLU,2020-06-01 00:00:00,selectkbest,MACD_3m,MACD_6m,MACD_12m,MACD_24m,MACD_48m,momentum_diff_ROC_3m_6m,momentum_diff_ADX_3m_6m,momentum_diff_ROC_6m_12m,bollinger_high_6,bollinger_high_12
IYR,2020-06-01 00:00:00,estatico,price_oscillator,MACD_3m,obv,skewness_6m,volume,skewness_3m,bollinger_high_6,CPIAUCSL,MACD_48m,kurtosis_6m
VOX,2020-06-01 00:00:00,causal,skewness_6m,skewness_3m,ROC_12m,ADX_12m,skewness_24m,bollinger_high_12,bollinger_low_3,PPO_3m,CPIAUCSL,kurtosis_12m
VOX,2020-06-01 00:00:00,shap,skewness_6m,ADX_12m,skewness_3m,MACD_3m,ROC_12m,volume,adl,bollinger_low_24,bollinger_high_6,bollinger_high_12
VOX,2020-06-01 00:00:00,estatico,price_oscillator,MACD_3m,obv,skewness_6m,volume,skewness_3m,bollinger_high_6,CPIAUCSL,MACD_48m,kurtosis_6m
SPY,2020-06-01 00:00:00,shap,bollinger_high_12,MACD_3m,CPIAUCSL,kurtosis_6m,bollinger_high_6,volume,kurtosis_24m,RSI_12m,price_oscillator,ADX_48m
SPY,2020-06-01 00:00:00,causal,RSI_12m,bollinger_high_12,kurtosis_48m,price_oscillator,skewness_48m,CPIAUCSL,bollinger_low_6,momentum_diff_ROC_3m_6m,kurtosis_12m,volume
SPY,2020-06-01 00:00:00,estatico,price_oscillator,MACD_3m,obv,skewness_6m,volume,skewness_3m,bollinger_high_6,CPIAUCSL,MACD_48m,kurtosis_6m
IYR,2020-06-01 00:00:00,selectkbest,skewness_6m,kurtosis_6m,skewness_12m,ROC_12m,RSI_24m,momentum_diff_ROC_6m_12m,momentum_diff_RSI_12m_24m,momentum_diff_ROC_12m_24m,bollinger_high_12,price_oscillator
VOX,2020-06-01 00:00:00,selectkbest,volume,skewness_3m,skewness_6m,MACD_3m,MACD_6m,ROC_6m,MACD_12m,MACD_24m,MACD_48m,momentum_diff_ROC_3m_6m
SPY,2020-06-01 00:00:00,selectkbest,skewness_24m,MACD_3m,MACD_6m,ROC_6m,MACD_12m,RSI_24m,MACD_24m,MACD_48m,momentum_diff_ROC_6m_12m,adl
XLE,2020-07-01 00:00:00,shap,open,price_oscillator,obv,CPIAUCSL,volume,kurtosis_24m,month,adl,PPIACO,MACD_3m
XLE,2020-07-01 00:00:00,causal,kurtosis_24m,obv,open,momentum_diff_ROC_12m_24m,ROC_6m,bollinger_low_12,volume,T10Y2Y,month,momentum_diff_ROC_6m_12m
XLE,2020-07-01 00:00:00,estatico,price_oscillator,MACD_3m,obv,skewness_6m,volume,skewness_3m,bollinger_high_6,CPIAUCSL,MACD_48m,kurtosis_6m
XLB,2020-07-01 00:00:00,shap,bollinger_low_6,ADX_3m,momentum_diff_ROC_3m_6m,RSI_3m,ROC_48m,obv,RSI_12m,BOPGSTB,skewness_3m,skewness_6m
XLB,2020-07-01 00:00:00,causal,bollinger_low_6,ADX_6m,ADX_3m,ROC_48m,skewness_24m,skewness_6m,obv,skewness_3m,price_oscillator,adl
XLB,2020-07-01 00:00:00,estatico,price_oscillator,MACD_3m,obv,skewness_6m,volume,skewness_3m,bollinger_high_6,CPIAUCSL,MACD_48m,kurtosis_6m
XLI,2020-07-01 00:00:00,shap,ROC_6m,CPIAUCSL,bollinger_low_3,bollinger_high_6,skewness_6m,open,price_oscillator,momentum_diff_ROC_24m_48m,RSI_24m,kurtosis_12m
XLI,2020-07-01 00:00:00,causal,bollinger_high_12,momentum_diff_ROC_3m_6m,CPIAUCSL,high,ROC_6m,bollinger_low_3,skewness_12m,kurtosis_12m,bollinger_low_6,kurtosis_6m
XLI,2020-07-01 00:00:00,estatico,price_oscillator,MACD_3m,obv,skewness_6m,volume,skewness_3m,bollinger_high_6,CPIAUCSL,MACD_48m,kurtosis_6m
XLE,2020-07-01 00:00:00,selectkbest,open,high,low,volume,close_or,kurtosis_24m,kurtosis_48m,momentum_diff_ADX_24m_48m,UNRATE,TB3MS
XLK,2020-07-01 00:00:00,shap,skewness_6m,ROC_24m,MACD_3m,bollinger_low_12,bollinger_high_12,price_oscillator,bollinger_high_6,momentum_diff_ROC_24m_48m,momentum_diff_ADX_6m_12m,skewness_3m
XLK,2020-07-01 00:00:00,causal,bollinger_high_12,bollinger_low_12,obv,skewness_3m,CPIAUCSL,MACD_3m,momentum_diff_ROC_3m_6m,momentum_diff_ROC_12m_24m,bollinger_high_6,ROC_12m
XLK,2020-07-01 00:00:00,estatico,price_oscillator,MACD_3m,obv,skewness_6m,volume,skewness_3m,bollinger_high_6,CPIAUCSL,MACD_48m,kurtosis_6m
XLB,2020-07-01 00:00:00,selectkbest,PPO_3m,MACD_6m,PPO_6m,MACD_12m,PPO_12m,MACD_24m,PPO_24m,MACD_48m,PPO_48m,ROC_48m
XLI,2020-07-01 00:00:00,selectkbest,volume,skewness_6m,kurtosis_6m,skewness_24m,MACD_6m,MACD_12m,MACD_24m,MACD_48m,ROC_48m,momentum_diff_ROC_24m_48m
XLK,2020-07-01 00:00:00,selectkbest,skewness_6m,MACD_3m,MACD_6m,MACD_12m,ROC_12m,RSI_24m,MACD_24m,MACD_48m,ROC_48m,momentum_diff_ADX_24m_48m
XLF,2020-07-01 00:00:00,shap,CPIAUCSL,price_oscillator,open,momentum_diff_ROC_3m_6m,obv,skewness_3m,volume,momentum_diff_ROC_6m_12m,adl,kurtosis_24m
XLF,2020-07-01 00:00:00,causal,CPIAUCSL,price_oscillator,bollinger_low_6,momentum_diff_RSI_6m_12m,adl,momentum_diff_ROC_3m_6m,obv,bollinger_high_3,BOPGSTB,ROC_12m
XLF,2020-07-01 00:00:00,estatico,price_oscillator,MACD_3m,obv,skewness_6m,volume,skewness_3m,bollinger_high_6,CPIAUCSL,MACD_48m,kurtosis_6m
XLP,2020-07-01 00:00:00,shap,ADX_3m,bollinger_low_3,bollinger_low_12,kurtosis_6m,RSI_12m,momentum_diff_ROC_6m_12m,bollinger_high_12,price_oscillator,volume,MACD_3m
XLP,2020-07-01 00:00:00,causal,bollinger_low_3,bollinger_low_12,adl,ADX_3m,obv,skewness_3m,volume,kurtosis_6m,PPO_3m,RSI_6m
XLP,2020-07-01 00:00:00,estatico,price_oscillator,MACD_3m,obv,skewness_6m,volume,skewness_3m,bollinger_high_6,CPIAUCSL,MACD_48m,kurtosis_6m
XLY,2020-07-01 00:00:00,shap,bollinger_high_12,price_oscillator,CPIAUCSL,MACD_3m,skewness_6m,bollinger_high_6,ROC_12m,bollinger_low_6,RSI_3m,momentum_diff_ADX_3m_6m
XLF,2020-07-01 00:00:00,selectkbest,MACD_3m,ADX_3m,MACD_6m,MACD_12m,RSI_24m,MACD_24m,ADX_24m,MACD_48m,momentum_diff_RSI_12m_24m,price_oscillator
XLY,2020-07-01 00:00:00,causal,CPIAUCSL,bollinger_high_6,bollinger_low_6,bollinger_low_12,bollinger_high_12,ROC_12m,momentum_diff_ROC_3m_6m,price_oscillator,bollinger_low_3,ADX_3m
XLY,2020-07-01 00:00:00,estatico,price_oscillator,MACD_3m,obv,skewness_6m,volume,skewness_3m,bollinger_high_6,CPIAUCSL,MACD_48m,kurtosis_6m
XLV,2020-07-01 00:00:00,causal,bollinger_high_3,PPO_3m,ROC_24m,skewness_3m,skewness_24m,momentum_diff_RSI_3m_6m,kurtosis_6m,bollinger_low_6,ADX_48m,ADX_12m
XLV,2020-07-01 00:00:00,shap,bollinger_high_3,PPO_3m,price_oscillator,momentum_diff_ROC_12m_24m,low,skewness_24m,ADX_48m,momentum_diff_RSI_6m_12m,momentum_diff_RSI_3m_6m,ROC_24m
XLP,2020-07-01 00:00:00,selectkbest,kurtosis_6m,kurtosis_24m,MACD_3m,ADX_3m,MACD_6m,MACD_12m,MACD_24m,MACD_48m,momentum_diff_ADX_3m_6m,bollinger_low_12
XLY,2020-07-01 00:00:00,selectkbest,skewness_24m,MACD_3m,MACD_6m,MACD_12m,RSI_24m,MACD_24m,MACD_48m,ROC_48m,momentum_diff_ROC_24m_48m,bollinger_high_12
XLV,2020-07-01 00:00:00,estatico,price_oscillator,MACD_3m,obv,skewness_6m,volume,skewness_3m,bollinger_high_6,CPIAUCSL,MACD_48m,kurtosis_6m
XLV,2020-07-01 00:00:00,selectkbest,MACD_3m,MACD_6m,MACD_12m,MACD_24m,ROC_24m,MACD_48m,momentum_diff_ROC_12m_24m,momentum_diff_RSI_24m_48m,bollinger_high_3,PPIACO
XLU,2020-07-01 00:00:00,shap,bollinger_high_6,skewness_3m,MACD_3m,volume,bollinger_high_48,momentum_diff_RSI_6m_12m,ADX_24m,CPIAUCSL,skewness_6m,obv
XLU,2020-07-01 00:00:00,causal,bollinger_high_6,skewness_3m,ADX_3m,momentum_diff_ROC_3m_6m,volume,price_oscillator,RSI_24m,momentum_diff_ADX_6m_12m,skewness_6m,momentum_diff_RSI_6m_12m
XLU,2020-07-01 00:00:00,estatico,price_oscillator,MACD_3m,obv,skewness_6m,volume,skewness_3m,bollinger_high_6,CPIAUCSL,MACD_48m,kurtosis_6m
IYR,2020-07-01 00:00:00,shap,kurtosis_6m,bollinger_high_3,momentum_diff_ROC_12m_24m,bollinger_low_3,ROC_12m,volume,BOPGSTB,kurtosis_24m,PPO_3m,MACD_3m
IYR,2020-07-01 00:00:00,causal,CPIAUCSL,momentum_diff_ROC_12m_24m,bollinger_low_6,volume,kurtosis_6m,obv,RSI_24m,bollinger_low_3,ROC_12m,skewness_3m
XLU,2020-07-01 00:00:00,selectkbest,skewness_3m,MACD_3m,MACD_6m,MACD_12m,MACD_24m,MACD_48m,momentum_diff_ROC_3m_6m,momentum_diff_ROC_6m_12m,bollinger_high_6,bollinger_high_12
IYR,2020-07-01 00:00:00,estatico,price_oscillator,MACD_3m,obv,skewness_6m,volume,skewness_3m,bollinger_high_6,CPIAUCSL,MACD_48m,kurtosis_6m
VOX,2020-07-01 00:00:00,estatico,price_oscillator,MACD_3m,obv,skewness_6m,volume,skewness_3m,bollinger_high_6,CPIAUCSL,MACD_48m,kurtosis_6m
VOX,2020-07-01 00:00:00,shap,skewness_6m,ADX_12m,skewness_3m,ROC_12m,MACD_3m,PPIACO,volume,adl,bollinger_high_6,RSI_6m
VOX,2020-07-01 00:00:00,causal,skewness_6m,skewness_3m,ROC_12m,CPIAUCSL,bollinger_high_12,PPO_3m,kurtosis_12m,bollinger_high_6,RSI_24m,bollinger_low_3
SPY,2020-07-01 00:00:00,shap,bollinger_high_6,kurtosis_6m,bollinger_high_12,CPIAUCSL,MACD_3m,price_oscillator,ADX_48m,volume,bollinger_low_6,RSI_12m
IYR,2020-07-01 00:00:00,selectkbest,skewness_6m,kurtosis_6m,skewness_12m,ROC_12m,RSI_24m,MACD_48m,momentum_diff_ROC_6m_12m,momentum_diff_RSI_12m_24m,momentum_diff_ROC_12m_24m,price_oscillator
VOX,2020-07-01 00:00:00,selectkbest,volume,skewness_3m,skewness_6m,MACD_3m,MACD_6m,ROC_6m,MACD_12m,MACD_24m,MACD_48m,momentum_diff_ROC_3m_6m
SPY,2020-07-01 00:00:00,estatico,price_oscillator,MACD_3m,obv,skewness_6m,volume,skewness_3m,bollinger_high_6,CPIAUCSL,MACD_48m,kurtosis_6m
SPY,2020-07-01 00:00:00,causal,RSI_12m,bollinger_high_12,skewness_48m,bollinger_low_6,price_oscillator,momentum_diff_ROC_3m_6m,kurtosis_48m,kurtosis_12m,volume,CPIAUCSL
SPY,2020-07-01 00:00:00,selectkbest,skewness_24m,MACD_3m,MACD_6m,ROC_6m,MACD_12m,RSI_24m,MACD_24m,MACD_48m,momentum_diff_ROC_6m_12m,adl
XLE,2020-08-03 00:00:00,shap,open,volume,kurtosis_24m,obv,BOPGSTB,price_oscillator,bollinger_high_12,PPIACO,MACD_3m,skewness_3m
XLE,2020-08-03 00:00:00,causal,kurtosis_24m,obv,momentum_diff_ROC_12m_24m,momentum_diff_ROC_6m_12m,ROC_6m,T10Y2Y,volume,price_oscillator,bollinger_low_12,open
XLE,2020-08-03 00:00:00,estatico,price_oscillator,MACD_3m,obv,skewness_6m,volume,skewness_3m,bollinger_high_6,CPIAUCSL,MACD_48m,kurtosis_6m
XLB,2020-08-03 00:00:00,shap,bollinger_low_6,ADX_3m,RSI_3m,momentum_diff_ROC_3m_6m,ROC_48m,obv,RSI_12m,skewness_3m,skewness_6m,open
XLB,2020-08-03 00:00:00,causal,bollinger_low_6,skewness_6m,ROC_48m,obv,skewness_24m,skewness_3m,momentum_diff_ROC_3m_6m,ADX_3m,ADX_6m,BOPGSTB
XLB,2020-08-03 00:00:00,estatico,price_oscillator,MACD_3m,obv,skewness_6m,volume,skewness_3m,bollinger_high_6,CPIAUCSL,MACD_48m,kurtosis_6m
XLI,2020-08-03 00:00:00,shap,CPIAUCSL,kurtosis_24m,bollinger_low_3,bollinger_low_6,momentum_diff_ROC_24m_48m,obv,bollinger_high_12,skewness_24m,bollinger_high_6,skewness_6m
XLI,2020-08-03 00:00:00,causal,bollinger_high_12,ROC_6m,momentum_diff_ROC_3m_6m,bollinger_high_6,kurtosis_6m,open,skewness_6m,skewness_12m,kurtosis_12m,bollinger_low_3
XLI,2020-08-03 00:00:00,estatico,price_oscillator,MACD_3m,obv,skewness_6m,volume,skewness_3m,bollinger_high_6,CPIAUCSL,MACD_48m,kurtosis_6m
XLE,2020-08-03 00:00:00,selectkbest,open,high,low,volume,close_or,kurtosis_24m,momentum_diff_ADX_24m_48m,FEDFUNDS,UNRATE,TB3MS
XLK,2020-08-03 00:00:00,shap,ROC_24m,MACD_3m,skewness_3m,obv,bollinger_high_12,bollinger_high_6,bollinger_low_12,skewness_6m,skewness_12m,price_oscillator
XLK,2020-08-03 00:00:00,causal,bollinger_high_12,obv,bollinger_low_12,MACD_3m,bollinger_high_6,skewness_3m,skewness_6m,CPIAUCSL,skewness_12m,momentum_diff_ROC_12m_24m
XLK,2020-08-03 00:00:00,estatico,price_oscillator,MACD_3m,obv,skewness_6m,volume,skewness_3m,bollinger_high_6,CPIAUCSL,MACD_48m,kurtosis_6m
XLB,2020-08-03 00:00:00,selectkbest,PPO_3m,PPO_6m,MACD_12m,PPO_12m,MACD_24m,PPO_24m,MACD_48m,PPO_48m,ROC_48m,bollinger_low_24
XLI,2020-08-03 00:00:00,selectkbest,volume,skewness_6m,kurtosis_6m,skewness_24m,MACD_6m,MACD_12m,MACD_24m,MACD_48m,ROC_48m,momentum_diff_ROC_24m_48m
XLK,2020-08-03 00:00:00,selectkbest,skewness_6m,MACD_3m,MACD_6m,MACD_12m,ROC_12m,RSI_24m,MACD_24m,MACD_48m,ROC_48m,momentum_diff_ADX_24m_48m
XLF,2020-08-03 00:00:00,causal,CPIAUCSL,price_oscillator,bollinger_low_6,adl,bollinger_high_3,obv,BOPGSTB,ROC_12m,momentum_diff_RSI_6m_12m,ADX_6m
XLF,2020-08-03 00:00:00,shap,CPIAUCSL,open,price_oscillator,momentum_diff_ROC_3m_6m,obv,volume,skewness_3m,kurtosis_12m,adl,ROC_12m
XLF,2020-08-03 00:00:00,estatico,price_oscillator,MACD_3m,obv,skewness_6m,volume,skewness_3m,bollinger_high_6,CPIAUCSL,MACD_48m,kurtosis_6m
XLP,2020-08-03 00:00:00,shap,bollinger_low_3,ADX_3m,bollinger_low_12,kurtosis_6m,bollinger_high_6,bollinger_low_24,bollinger_high_12,momentum_diff_ROC_6m_12m,MACD_3m,momentum_diff_ADX_3m_6m
XLP,2020-08-03 00:00:00,causal,bollinger_low_12,bollinger_low_3,skewness_3m,ADX_3m,adl,skewness_12m,PPO_3m,RSI_12m,obv,bollinger_high_6
XLP,2020-08-03 00:00:00,estatico,price_oscillator,MACD_3m,obv,skewness_6m,volume,skewness_3m,bollinger_high_6,CPIAUCSL,MACD_48m,kurtosis_6m
XLF,2020-08-03 00:00:00,selectkbest,MACD_3m,ADX_3m,MACD_6m,MACD_12m,ADX_12m,RSI_24m,MACD_24m,ADX_24m,MACD_48m,price_oscillator
XLY,2020-08-03 00:00:00,shap,MACD_3m,bollinger_high_12,price_oscillator,bollinger_high_6,ADX_6m,CPIAUCSL,skewness_6m,bollinger_low_6,momentum_diff_ADX_3m_6m,ROC_12m
XLY,2020-08-03 00:00:00,estatico,price_oscillator,MACD_3m,obv,skewness_6m,volume,skewness_3m,bollinger_high_6,CPIAUCSL,MACD_48m,kurtosis_6m
XLY,2020-08-03 00:00:00,causal,CPIAUCSL,bollinger_low_6,bollinger_high_6,ROC_12m,bollinger_low_3,bollinger_high_12,bollinger_low_12,price_oscillator,momentum_diff_ROC_3m_6m,PPO_3m
XLV,2020-08-03 00:00:00,shap,PPO_3m,bollinger_high_3,RSI_12m,kurtosis_6m,price_oscillator,ROC_24m,RSI_3m,adl,MACD_3m,ADX_12m
XLV,2020-08-03 00:00:00,causal,bollinger_high_3,PPO_3m,kurtosis_6m,skewness_3m,BOPGSTB,skewness_24m,ROC_24m,price_oscillator,kurtosis_12m,momentum_diff_RSI_3m_6m
XLP,2020-08-03 00:00:00,selectkbest,kurtosis_6m,kurtosis_24m,MACD_3m,ADX_3m,MACD_6m,MACD_12m,MACD_24m,MACD_48m,momentum_diff_ADX_3m_6m,bollinger_low_12
XLV,2020-08-03 00:00:00,estatico,price_oscillator,MACD_3m,obv,skewness_6m,volume,skewness_3m,bollinger_high_6,CPIAUCSL,MACD_48m,kurtosis_6m
XLY,2020-08-03 00:00:00,selectkbest,skewness_24m,MACD_3m,MACD_6m,MACD_12m,RSI_24m,MACD_24m,MACD_48m,ROC_48m,momentum_diff_ROC_24m_48m,bollinger_high_12
XLV,2020-08-03 00:00:00,selectkbest,MACD_3m,MACD_6m,MACD_12m,MACD_24m,ROC_24m,MACD_48m,momentum_diff_ROC_12m_24m,momentum_diff_RSI_24m_48m,bollinger_high_3,PPIACO
XLU,2020-08-03 00:00:00,causal,bollinger_high_6,ADX_3m,price_oscillator,momentum_diff_ROC_3m_6m,volume,skewness_3m,skewness_6m,RSI_24m,momentum_diff_RSI_3m_6m,bollinger_low_24
XLU,2020-08-03 00:00:00,shap,bollinger_high_6,volume,momentum_diff_RSI_6m_12m,MACD_3m,momentum_diff_ADX_6m_12m,kurtosis_12m,bollinger_high_48,skewness_3m,ADX_24m,price_oscillator
XLU,2020-08-03 00:00:00,estatico,price_oscillator,MACD_3m,obv,skewness_6m,volume,skewness_3m,bollinger_high_6,CPIAUCSL,MACD_48m,kurtosis_6m
IYR,2020-08-03 00:00:00,shap,kurtosis_6m,bollinger_low_3,bollinger_high_3,PPO_3m,ROC_12m,BOPGSTB,momentum_diff_ROC_12m_24m,volume,skewness_6m,bollinger_low_6
IYR,2020-08-03 00:00:00,causal,CPIAUCSL,bollinger_low_6,momentum_diff_ROC_12m_24m,volume,obv,kurtosis_6m,ROC_12m,bollinger_low_3,RSI_24m,skewness_3m
XLU,2020-08-03 00:00:00,selectkbest,MACD_3m,MACD_6m,ADX_6m,MACD_12m,MACD_24m,MACD_48m,momentum_diff_ROC_3m_6m,momentum_diff_ROC_6m_12m,momentum_diff_RSI_24m_48m,bollinger_high_6
IYR,2020-08-03 00:00:00,estatico,price_oscillator,MACD_3m,obv,skewness_6m,volume,skewness_3m,bollinger_high_6,CPIAUCSL,MACD_48m,kurtosis_6m
VOX,2020-08-03 00:00:00,causal,skewness_3m,skewness_6m,ROC_12m,bollinger_high_12,PPO_3m,skewness_24m,bollinger_high_6,bollinger_low_3,ADX_12m,kurtosis_12m
VOX,2020-08-03 00:00:00,estatico,price_oscillator,MACD_3m,obv,skewness_6m,volume,skewness_3m,bollinger_high_6,CPIAUCSL,MACD_48m,kurtosis_6m
VOX,2020-08-03 00:00:00,shap,skewness_6m,MACD_3m,ADX_12m,skewness_3m,PPO_3m,bollinger_high_6,ROC_12m,adl,price_oscillator,bollinger_high_3
SPY,2020-08-03 00:00:00,shap,bollinger_high_6,CPIAUCSL,volume,bollinger_high_12,price_oscillator,RSI_12m,kurtosis_6m,MACD_3m,skewness_48m,bollinger_low_6
SPY,2020-08-03 00:00:00,causal,RSI_12m,skewness_48m,bollinger_high_12,price_oscillator,CPIAUCSL,kurtosis_48m,volume,bollinger_low_6,bollinger_low_12,momentum_diff_ROC_3m_6m
IYR,2020-08-03 00:00:00,selectkbest,skewness_6m,kurtosis_6m,ROC_12m,RSI_24m,MACD_24m,MACD_48m,momentum_diff_ROC_6m_12m,momentum_diff_RSI_12m_24m,momentum_diff_ROC_12m_24m,price_oscillator
SPY,2020-08-03 00:00:00,estatico,price_oscillator,MACD_3m,obv,skewness_6m,volume,skewness_3m,bollinger_high_6,CPIAUCSL,MACD_48m,kurtosis_6m
VOX,2020-08-03 00:00:00,selectkbest,skewness_3m,skewness_6m,kurtosis_48m,MACD_3m,MACD_6m,ROC_6m,MACD_12m,MACD_24m,MACD_48m,momentum_diff_ROC_3m_6m
SPY,2020-08-03 00:00:00,selectkbest,skewness_24m,MACD_3m,MACD_6m,ROC_6m,MACD_12m,RSI_24m,MACD_24m,MACD_48m,momentum_diff_ROC_6m_12m,adl
XLE,2020-09-01 00:00:00,shap,open,adl,CPIAUCSL,price_oscillator,ROC_6m,month,kurtosis_24m,MACD_3m,RSI_6m,BOPGSTB
XLE,2020-09-01 00:00:00,causal,kurtosis_24m,obv,momentum_diff_ROC_12m_24m,ROC_6m,price_oscillator,momentum_diff_ROC_6m_12m,bollinger_low_12,T10Y2Y,momentum_diff_ADX_6m_12m,volume
XLE,2020-09-01 00:00:00,estatico,price_oscillator,MACD_3m,obv,skewness_6m,volume,skewness_3m,bollinger_high_6,CPIAUCSL,MACD_48m,kurtosis_6m
XLB,2020-09-01 00:00:00,shap,bollinger_low_6,momentum_diff_ROC_3m_6m,ADX_3m,RSI_12m,RSI_3m,skewness_3m,skewness_6m,BOPGSTB,obv,bollinger_low_48
XLB,2020-09-01 00:00:00,causal,bollinger_low_6,volume,skewness_3m,skewness_6m,ROC_48m,obv,skewness_24m,kurtosis_12m,ADX_6m,momentum_diff_ROC_3m_6m
XLB,2020-09-01 00:00:00,estatico,price_oscillator,MACD_3m,obv,skewness_6m,volume,skewness_3m,bollinger_high_6,CPIAUCSL,MACD_48m,kurtosis_6m
XLI,2020-09-01 00:00:00,shap,skewness_24m,bollinger_low_3,ROC_6m,bollinger_high_6,kurtosis_24m,obv,kurtosis_6m,adl,momentum_diff_RSI_24m_48m,price_oscillator
XLI,2020-09-01 00:00:00,causal,bollinger_low_6,ROC_6m,bollinger_high_6,skewness_6m,CPIAUCSL,skewness_12m,bollinger_low_3,kurtosis_6m,momentum_diff_ROC_3m_6m,kurtosis_12m
XLI,2020-09-01 00:00:00,estatico,price_oscillator,MACD_3m,obv,skewness_6m,volume,skewness_3m,bollinger_high_6,CPIAUCSL,MACD_48m,kurtosis_6m
XLE,2020-09-01 00:00:00,selectkbest,open,high,low,volume,close_or,kurtosis_24m,momentum_diff_ADX_24m_48m,FEDFUNDS,UNRATE,TB3MS
XLK,2020-09-01 00:00:00,causal,bollinger_high_12,bollinger_high_6,obv,bollinger_low_12,momentum_diff_ROC_3m_6m,momentum_diff_ROC_12m_24m,ROC_24m,price_oscillator,bollinger_low_6,CPIAUCSL
XLK,2020-09-01 00:00:00,shap,bollinger_high_12,bollinger_low_6,ROC_24m,price_oscillator,skewness_3m,skewness_6m,bollinger_high_6,MACD_3m,PPO_3m,bollinger_low_12
XLK,2020-09-01 00:00:00,estatico,price_oscillator,MACD_3m,obv,skewness_6m,volume,skewness_3m,bollinger_high_6,CPIAUCSL,MACD_48m,kurtosis_6m
XLB,2020-09-01 00:00:00,selectkbest,PPO_3m,PPO_6m,MACD_12m,PPO_12m,MACD_24m,PPO_24m,MACD_48m,PPO_48m,ROC_48m,bollinger_low_24
XLI,2020-09-01 00:00:00,selectkbest,volume,skewness_6m,kurtosis_6m,MACD_3m,MACD_6m,MACD_12m,MACD_24m,MACD_48m,ROC_48m,momentum_diff_ROC_24m_48m
XLK,2020-09-01 00:00:00,selectkbest,MACD_3m,MACD_6m,MACD_12m,ROC_12m,RSI_24m,MACD_24m,MACD_48m,ROC_48m,momentum_diff_ADX_24m_48m,CPIAUCSL
XLF,2020-09-01 00:00:00,causal,CPIAUCSL,price_oscillator,bollinger_low_6,bollinger_high_3,adl,momentum_diff_RSI_6m_12m,BOPGSTB,ADX_6m,momentum_diff_ROC_3m_6m,volume
XLF,2020-09-01 00:00:00,shap,CPIAUCSL,price_oscillator,open,momentum_diff_ROC_3m_6m,obv,volume,bollinger_low_6,ADX_24m,skewness_3m,kurtosis_24m
XLF,2020-09-01 00:00:00,estatico,price_oscillator,MACD_3m,obv,skewness_6m,volume,skewness_3m,bollinger_high_6,CPIAUCSL,MACD_48m,kurtosis_6m
XLP,2020-09-01 00:00:00,shap,ADX_3m,bollinger_low_3,MACD_3m,kurtosis_6m,bollinger_low_12,bollinger_low_24,bollinger_high_12,PPO_3m,ROC_6m,momentum_diff_ROC_6m_12m
XLP,2020-09-01 00:00:00,causal,bollinger_low_3,ADX_3m,skewness_3m,PPO_3m,bollinger_low_12,volume,momentum_diff_ROC_6m_12m,adl,RSI_6m,close_or
XLP,2020-09-01 00:00:00,estatico,price_oscillator,MACD_3m,obv,skewness_6m,volume,skewness_3m,bollinger_high_6,CPIAUCSL,MACD_48m,kurtosis_6m
XLF,2020-09-01 00:00:00,selectkbest,MACD_3m,ADX_3m,MACD_6m,MACD_12m,ADX_12m,RSI_24m,MACD_24m,ADX_24m,MACD_48m,price_oscillator
XLY,2020-09-01 00:00:00,shap,bollinger_high_12,price_oscillator,MACD_3m,ADX_6m,CPIAUCSL,skewness_6m,bollinger_high_6,RSI_3m,bollinger_low_6,obv
XLY,2020-09-01 00:00:00,causal,bollinger_low_6,CPIAUCSL,ROC_12m,bollinger_high_6,momentum_diff_ROC_3m_6m,bollinger_low_12,bollinger_high_12,ADX_3m,bollinger_low_3,bollinger_high_3
XLY,2020-09-01 00:00:00,estatico,price_oscillator,MACD_3m,obv,skewness_6m,volume,skewness_3m,bollinger_high_6,CPIAUCSL,MACD_48m,kurtosis_6m
XLV,2020-09-01 00:00:00,shap,PPO_3m,bollinger_high_3,adl,ROC_24m,RSI_12m,kurtosis_6m,ADX_48m,skewness_24m,price_oscillator,RSI_3m
XLV,2020-09-01 00:00:00,causal,bollinger_high_3,PPO_3m,skewness_24m,bollinger_low_6,kurtosis_6m,kurtosis_12m,bollinger_low_12,momentum_diff_ROC_12m_24m,kurtosis_24m,ADX_48m
XLP,2020-09-01 00:00:00,selectkbest,kurtosis_6m,kurtosis_24m,MACD_3m,ADX_3m,MACD_6m,MACD_12m,MACD_24m,MACD_48m,momentum_diff_ADX_3m_6m,bollinger_low_12
XLV,2020-09-01 00:00:00,estatico,price_oscillator,MACD_3m,obv,skewness_6m,volume,skewness_3m,bollinger_high_6,CPIAUCSL,MACD_48m,kurtosis_6m
XLY,2020-09-01 00:00:00,selectkbest,MACD_3m,MACD_6m,MACD_12m,RSI_24m,MACD_24m,MACD_48m,momentum_diff_ROC_24m_48m,bollinger_high_6,bollinger_high_12,bollinger_high_24
XLV,2020-09-01 00:00:00,selectkbest,MACD_3m,MACD_6m,MACD_12m,MACD_24m,ROC_24m,MACD_48m,momentum_diff_ROC_12m_24m,momentum_diff_RSI_24m_48m,bollinger_high_3,PPIACO
XLU,2020-09-01 00:00:00,shap,bollinger_high_6,momentum_diff_RSI_6m_12m,volume,MACD_3m,momentum_diff_RSI_3m_6m,kurtosis_12m,bollinger_high_48,momentum_diff_RSI_12m_24m,price_oscillator,skewness_3m
XLU,2020-09-01 00:00:00,causal,bollinger_high_6,ADX_3m,momentum_diff_ROC_3m_6m,price_oscillator,volume,skewness_3m,skewness_6m,RSI_24m,momentum_diff_RSI_6m_12m,momentum_diff_ADX_6m_12m
XLU,2020-09-01 00:00:00,estatico,price_oscillator,MACD_3m,obv,skewness_6m,volume,skewness_3m,bollinger_high_6,CPIAUCSL,MACD_48m,kurtosis_6m
IYR,2020-09-01 00:00:00,shap,kurtosis_6m,momentum_diff_ROC_12m_24m,bollinger_low_3,bollinger_high_3,BOPGSTB,ROC_12m,obv,PPO_3m,ADX_12m,volume
IYR,2020-09-01 00:00:00,causal,CPIAUCSL,momentum_diff_ROC_12m_24m,obv,bollinger_low_6,volume,kurtosis_6m,bollinger_low_3,RSI_3m,skewness_3m,RSI_24m
XLU,2020-09-01 00:00:00,selectkbest,skewness_3m,MACD_3m,MACD_6m,MACD_12m,MACD_24m,MACD_48m,momentum_diff_ROC_3m_6m,momentum_diff_RSI_24m_48m,bollinger_high_6,bollinger_high_12
IYR,2020-09-01 00:00:00,estatico,price_oscillator,MACD_3m,obv,skewness_6m,volume,skewness_3m,bollinger_high_6,CPIAUCSL,MACD_48m,kurtosis_6m
VOX,2020-09-01 00:00:00,shap,skewness_6m,skewness_3m,ROC_12m,ADX_12m,MACD_3m,price_oscillator,adl,kurtosis_48m,obv,volume
VOX,2020-09-01 00:00:00,causal,skewness_6m,ROC_12m,skewness_3m,PPO_3m,bollinger_high_12,ADX_12m,CPIAUCSL,skewness_24m,bollinger_high_6,ADX_24m
VOX,2020-09-01 00:00:00,estatico,price_oscillator,MACD_3m,obv,skewness_6m,volume,skewness_3m,bollinger_high_6,CPIAUCSL,MACD_48m,kurtosis_6m
SPY,2020-09-01 00:00:00,causal,RSI_12m,CPIAUCSL,skewness_48m,price_oscillator,bollinger_high_12,kurtosis_48m,bollinger_low_6,volume,ROC_6m,momentum_diff_ROC_6m_12m
SPY,2020-09-01 00:00:00,shap,bollinger_high_12,skewness_48m,bollinger_high_6,momentum_diff_RSI_3m_6m,kurtosis_6m,CPIAUCSL,MACD_3m,volume,ROC_6m,momentum_diff_ADX_6m_12m
IYR,2020-09-01 00:00:00,selectkbest,skewness_6m,kurtosis_6m,ROC_12m,RSI_24m,MACD_24m,MACD_48m,momentum_diff_ROC_6m_12m,momentum_diff_RSI_12m_24m,momentum_diff_ROC_12m_24m,price_oscillator
SPY,2020-09-01 00:00:00,estatico,price_oscillator,MACD_3m,obv,skewness_6m,volume,skewness_3m,bollinger_high_6,CPIAUCSL,MACD_48m,kurtosis_6m
VOX,2020-09-01 00:00:00,selectkbest,skewness_6m,kurtosis_48m,MACD_3m,MACD_6m,ROC_6m,MACD_12m,MACD_24m,MACD_48m,bollinger_high_12,obv
SPY,2020-09-01 00:00:00,selectkbest,MACD_3m,MACD_6m,ROC_6m,MACD_12m,RSI_24m,MACD_24m,MACD_48m,momentum_diff_ROC_6m_12m,bollinger_high_6,adl
XLE,2020-10-01 00:00:00,shap,open,CPIAUCSL,price_oscillator,RSI_6m,month,volume,ROC_6m,kurtosis_24m,RSI_3m,MACD_3m
XLE,2020-10-01 00:00:00,causal,kurtosis_24m,ROC_6m,obv,price_oscillator,momentum_diff_ROC_6m_12m,momentum_diff_ROC_12m_24m,bollinger_low_12,volume,month,bollinger_low_3
XLE,2020-10-01 00:00:00,estatico,price_oscillator,MACD_3m,obv,skewness_6m,volume,skewness_3m,bollinger_high_6,CPIAUCSL,MACD_48m,kurtosis_6m
XLB,2020-10-01 00:00:00,shap,bollinger_low_6,momentum_diff_ROC_3m_6m,ADX_3m,RSI_12m,RSI_3m,skewness_3m,BOPGSTB,skewness_6m,ROC_48m,volume
XLB,2020-10-01 00:00:00,causal,bollinger_low_6,ROC_48m,skewness_6m,skewness_3m,obv,skewness_24m,kurtosis_12m,bollinger_low_12,ADX_3m,momentum_diff_ROC_3m_6m
XLB,2020-10-01 00:00:00,estatico,price_oscillator,MACD_3m,obv,skewness_6m,volume,skewness_3m,bollinger_high_6,CPIAUCSL,MACD_48m,kurtosis_6m
XLI,2020-10-01 00:00:00,shap,bollinger_high_6,bollinger_low_3,kurtosis_12m,bollinger_high_12,kurtosis_6m,ROC_6m,adl,price_oscillator,skewness_6m,momentum_diff_ROC_24m_48m
XLI,2020-10-01 00:00:00,causal,CPIAUCSL,bollinger_low_6,kurtosis_6m,skewness_6m,skewness_12m,bollinger_high_12,bollinger_high_6,momentum_diff_ROC_3m_6m,ROC_6m,bollinger_low_3
XLI,2020-10-01 00:00:00,estatico,price_oscillator,MACD_3m,obv,skewness_6m,volume,skewness_3m,bollinger_high_6,CPIAUCSL,MACD_48m,kurtosis_6m
XLK,2020-10-01 00:00:00,shap,ROC_24m,momentum_diff_ADX_12m_24m,skewness_6m,open,ADX_48m,skewness_3m,price_oscillator,momentum_diff_ROC_6m_12m,bollinger_low_6,obv
XLE,2020-10-01 00:00:00,selectkbest,open,high,low,volume,close_or,ADX_48m,GDP,CPIAUCSL,UNRATE,TB3MS
XLK,2020-10-01 00:00:00,causal,bollinger_high_12,bollinger_high_6,obv,momentum_diff_ROC_12m_24m,CPIAUCSL,skewness_3m,bollinger_low_6,momentum_diff_ROC_3m_6m,bollinger_low_12,momentum_diff_ADX_6m_12m
XLK,2020-10-01 00:00:00,estatico,price_oscillator,MACD_3m,obv,skewness_6m,volume,skewness_3m,bollinger_high_6,CPIAUCSL,MACD_48m,kurtosis_6m
XLB,2020-10-01 00:00:00,selectkbest,PPO_3m,PPO_6m,MACD_12m,PPO_12m,MACD_24m,PPO_24m,MACD_48m,PPO_48m,ROC_48m,bollinger_low_24
XLI,2020-10-01 00:00:00,selectkbest,volume,skewness_6m,kurtosis_6m,MACD_3m,MACD_6m,MACD_12m,MACD_24m,MACD_48m,ROC_48m,momentum_diff_ROC_24m_48m
XLK,2020-10-01 00:00:00,selectkbest,skewness_6m,MACD_3m,MACD_6m,MACD_12m,ROC_12m,RSI_24m,MACD_24m,MACD_48m,ROC_48m,momentum_diff_ADX_24m_48m
XLF,2020-10-01 00:00:00,shap,CPIAUCSL,open,momentum_diff_ROC_3m_6m,price_oscillator,obv,ROC_12m,volume,skewness_3m,BOPGSTB,bollinger_high_24
XLF,2020-10-01 00:00:00,causal,CPIAUCSL,price_oscillator,skewness_24m,bollinger_low_6,ROC_12m,BOPGSTB,bollinger_high_3,adl,kurtosis_12m,momentum_diff_RSI_6m_12m
XLF,2020-10-01 00:00:00,estatico,price_oscillator,MACD_3m,obv,skewness_6m,volume,skewness_3m,bollinger_high_6,CPIAUCSL,MACD_48m,kurtosis_6m
XLP,2020-10-01 00:00:00,shap,bollinger_low_3,ADX_3m,bollinger_low_12,kurtosis_6m,MACD_3m,price_oscillator,bollinger_high_12,ROC_6m,momentum_diff_ADX_3m_6m,bollinger_high_6
XLP,2020-10-01 00:00:00,causal,bollinger_low_3,bollinger_low_12,adl,ADX_3m,skewness_3m,kurtosis_6m,momentum_diff_ROC_6m_12m,PPO_3m,momentum_diff_ROC_12m_24m,momentum_diff_RSI_6m_12m
XLP,2020-10-01 00:00:00,estatico,price_oscillator,MACD_3m,obv,skewness_6m,volume,skewness_3m,bollinger_high_6,CPIAUCSL,MACD_48m,kurtosis_6m
XLY,2020-10-01 00:00:00,shap,bollinger_high_12,price_oscillator,MACD_3m,bollinger_high_6,CPIAUCSL,skewness_24m,bollinger_low_6,ADX_3m,momentum_diff_ADX_3m_6m,RSI_3m
XLF,2020-10-01 00:00:00,selectkbest,MACD_3m,ADX_3m,MACD_6m,MACD_12m,ADX_12m,RSI_24m,MACD_24m,ADX_24m,MACD_48m,price_oscillator
XLY,2020-10-01 00:00:00,causal,CPIAUCSL,bollinger_low_6,ROC_12m,bollinger_low_3,bollinger_high_6,price_oscillator,bollinger_high_12,bollinger_low_12,momentum_diff_ROC_3m_6m,momentum_diff_ADX_3m_6m
XLY,2020-10-01 00:00:00,estatico,price_oscillator,MACD_3m,obv,skewness_6m,volume,skewness_3m,bollinger_high_6,CPIAUCSL,MACD_48m,kurtosis_6m
XLV,2020-10-01 00:00:00,causal,bollinger_high_3,PPO_3m,bollinger_low_6,ADX_48m,kurtosis_24m,kurtosis_6m,BOPGSTB,skewness_24m,ROC_24m,momentum_diff_RSI_3m_6m
XLV,2020-10-01 00:00:00,shap,PPO_3m,bollinger_high_3,skewness_24m,ADX_48m,RSI_12m,ROC_24m,price_oscillator,momentum_diff_RSI_3m_6m,RSI_3m,skewness_6m
XLP,2020-10-01 00:00:00,selectkbest,kurtosis_6m,kurtosis_24m,MACD_3m,ADX_3m,MACD_6m,MACD_12m,MACD_24m,MACD_48m,momentum_diff_ADX_3m_6m,bollinger_low_12
XLV,2020-10-01 00:00:00,estatico,price_oscillator,MACD_3m,obv,skewness_6m,volume,skewness_3m,bollinger_high_6,CPIAUCSL,MACD_48m,kurtosis_6m
XLY,2020-10-01 00:00:00,selectkbest,MACD_3m,MACD_6m,MACD_12m,RSI_24m,MACD_24m,MACD_48m,ROC_48m,momentum_diff_ROC_24m_48m,bollinger_high_12,bollinger_high_24
XLV,2020-10-01 00:00:00,selectkbest,MACD_3m,MACD_6m,MACD_12m,MACD_24m,ROC_24m,MACD_48m,momentum_diff_ROC_12m_24m,momentum_diff_RSI_24m_48m,bollinger_high_3,PPIACO
XLU,2020-10-01 00:00:00,causal,bollinger_high_6,ADX_3m,momentum_diff_RSI_6m_12m,momentum_diff_ROC_3m_6m,price_oscillator,skewness_3m,volume,ADX_6m,momentum_diff_ADX_6m_12m,momentum_diff_ADX_12m_24m
XLU,2020-10-01 00:00:00,estatico,price_oscillator,MACD_3m,obv,skewness_6m,volume,skewness_3m,bollinger_high_6,CPIAUCSL,MACD_48m,kurtosis_6m
XLU,2020-10-01 00:00:00,shap,bollinger_high_6,MACD_3m,volume,momentum_diff_RSI_6m_12m,kurtosis_12m,bollinger_high_48,skewness_3m,momentum_diff_RSI_3m_6m,price_oscillator,momentum_diff_RSI_12m_24m
IYR,2020-10-01 00:00:00,shap,kurtosis_6m,bollinger_low_3,bollinger_high_3,obv,ROC_12m,momentum_diff_ROC_12m_24m,BOPGSTB,ADX_12m,CPIAUCSL,open
IYR,2020-10-01 00:00:00,causal,CPIAUCSL,momentum_diff_ROC_12m_24m,obv,volume,bollinger_low_6,RSI_24m,kurtosis_6m,skewness_3m,price_oscillator,UMCSENT
XLU,2020-10-01 00:00:00,selectkbest,skewness_3m,MACD_3m,MACD_6m,MACD_12m,MACD_24m,MACD_48m,momentum_diff_ROC_3m_6m,momentum_diff_RSI_24m_48m,bollinger_high_6,bollinger_high_12
IYR,2020-10-01 00:00:00,estatico,price_oscillator,MACD_3m,obv,skewness_6m,volume,skewness_3m,bollinger_high_6,CPIAUCSL,MACD_48m,kurtosis_6m
VOX,2020-10-01 00:00:00,causal,skewness_6m,ROC_12m,skewness_3m,PPO_3m,ADX_24m,ADX_12m,bollinger_high_6,CPIAUCSL,kurtosis_12m,bollinger_low_3
VOX,2020-10-01 00:00:00,shap,skewness_6m,skewness_3m,ROC_12m,MACD_3m,ADX_12m,price_oscillator,obv,adl,volume,PPIACO
VOX,2020-10-01 00:00:00,estatico,price_oscillator,MACD_3m,obv,skewness_6m,volume,skewness_3m,bollinger_high_6,CPIAUCSL,MACD_48m,kurtosis_6m
SPY,2020-10-01 00:00:00,shap,bollinger_high_12,skewness_48m,kurtosis_6m,CPIAUCSL,momentum_diff_RSI_3m_6m,MACD_3m,bollinger_high_6,bollinger_low_6,RSI_12m,ADX_48m
SPY,2020-10-01 00:00:00,causal,RSI_12m,bollinger_high_12,price_oscillator,kurtosis_48m,skewness_48m,bollinger_low_6,volume,ROC_6m,momentum_diff_ROC_3m_6m,CPIAUCSL
SPY,2020-10-01 00:00:00,estatico,price_oscillator,MACD_3m,obv,skewness_6m,volume,skewness_3m,bollinger_high_6,CPIAUCSL,MACD_48m,kurtosis_6m
IYR,2020-10-01 00:00:00,selectkbest,skewness_6m,kurtosis_6m,ROC_12m,RSI_24m,MACD_24m,MACD_48m,momentum_diff_ROC_6m_12m,momentum_diff_RSI_12m_24m,momentum_diff_ROC_12m_24m,price_oscillator
VOX,2020-10-01 00:00:00,selectkbest,skewness_3m,skewness_6m,kurtosis_48m,MACD_3m,MACD_6m,ROC_6m,MACD_12m,MACD_24m,MACD_48m,momentum_diff_ROC_3m_6m
SPY,2020-10-01 00:00:00,selectkbest,kurtosis_6m,MACD_3m,MACD_6m,ROC_6m,MACD_12m,RSI_24m,MACD_24m,MACD_48m,momentum_diff_ROC_6m_12m,adl
XLE,2020-11-02 00:00:00,shap,CPIAUCSL,price_oscillator,open,volume,low,kurtosis_24m,skewness_6m,ROC_6m,MACD_3m,BOPGSTB
XLE,2020-11-02 00:00:00,causal,kurtosis_24m,price_oscillator,momentum_diff_ROC_6m_12m,obv,momentum_diff_ROC_12m_24m,ROC_6m,skewness_6m,bollinger_low_12,kurtosis_6m,momentum_diff_ROC_3m_6m
XLE,2020-11-02 00:00:00,estatico,price_oscillator,MACD_3m,obv,skewness_6m,volume,skewness_3m,bollinger_high_6,CPIAUCSL,MACD_48m,kurtosis_6m
XLB,2020-11-02 00:00:00,shap,bollinger_low_6,ADX_3m,momentum_diff_ROC_3m_6m,ROC_48m,RSI_3m,RSI_12m,skewness_3m,BOPGSTB,skewness_6m,bollinger_low_48
XLB,2020-11-02 00:00:00,causal,bollinger_low_6,skewness_24m,ROC_48m,skewness_3m,volume,obv,skewness_6m,ADX_6m,momentum_diff_ROC_3m_6m,ADX_3m
XLB,2020-11-02 00:00:00,estatico,price_oscillator,MACD_3m,obv,skewness_6m,volume,skewness_3m,bollinger_high_6,CPIAUCSL,MACD_48m,kurtosis_6m
XLI,2020-11-02 00:00:00,shap,skewness_24m,kurtosis_6m,ROC_6m,bollinger_low_3,bollinger_high_6,momentum_diff_ROC_24m_48m,momentum_diff_RSI_24m_48m,price_oscillator,obv,kurtosis_12m
XLI,2020-11-02 00:00:00,causal,bollinger_high_12,kurtosis_6m,ROC_6m,kurtosis_12m,obv,bollinger_low_6,skewness_12m,skewness_6m,bollinger_high_6,bollinger_low_3
XLI,2020-11-02 00:00:00,estatico,price_oscillator,MACD_3m,obv,skewness_6m,volume,skewness_3m,bollinger_high_6,CPIAUCSL,MACD_48m,kurtosis_6m
XLE,2020-11-02 00:00:00,selectkbest,open,high,low,volume,close_or,ADX_48m,GDP,CPIAUCSL,BOPGSTB,TB3MS
XLK,2020-11-02 00:00:00,shap,MACD_3m,momentum_diff_ADX_12m_24m,skewness_6m,bollinger_high_12,obv,ROC_24m,bollinger_low_12,RSI_12m,momentum_diff_ROC_24m_48m,ADX_48m
XLK,2020-11-02 00:00:00,causal,obv,bollinger_high_12,bollinger_low_6,ROC_6m,CPIAUCSL,momentum_diff_ROC_12m_24m,MACD_3m,bollinger_low_12,skewness_6m,bollinger_high_6
XLK,2020-11-02 00:00:00,estatico,price_oscillator,MACD_3m,obv,skewness_6m,volume,skewness_3m,bollinger_high_6,CPIAUCSL,MACD_48m,kurtosis_6m
XLB,2020-11-02 00:00:00,selectkbest,PPO_3m,PPO_6m,MACD_12m,PPO_12m,MACD_24m,PPO_24m,MACD_48m,PPO_48m,ROC_48m,bollinger_low_24
XLI,2020-11-02 00:00:00,selectkbest,volume,skewness_6m,kurtosis_6m,MACD_3m,MACD_6m,MACD_12m,MACD_24m,MACD_48m,ROC_48m,momentum_diff_ROC_24m_48m
XLK,2020-11-02 00:00:00,selectkbest,skewness_6m,MACD_3m,MACD_6m,MACD_12m,ROC_12m,RSI_24m,MACD_24m,MACD_48m,ROC_48m,momentum_diff_ADX_24m_48m
XLF,2020-11-02 00:00:00,shap,CPIAUCSL,open,price_oscillator,momentum_diff_ROC_3m_6m,obv,volume,skewness_3m,bollinger_high_3,ROC_12m,kurtosis_24m
XLF,2020-11-02 00:00:00,causal,CPIAUCSL,price_oscillator,skewness_24m,bollinger_low_6,ROC_12m,obv,bollinger_high_3,kurtosis_24m,week_of_year,adl
XLF,2020-11-02 00:00:00,estatico,price_oscillator,MACD_3m,obv,skewness_6m,volume,skewness_3m,bollinger_high_6,CPIAUCSL,MACD_48m,kurtosis_6m
XLP,2020-11-02 00:00:00,shap,bollinger_low_3,ADX_3m,price_oscillator,momentum_diff_ADX_3m_6m,bollinger_low_12,kurtosis_6m,MACD_3m,obv,momentum_diff_ROC_6m_12m,month
XLP,2020-11-02 00:00:00,causal,bollinger_low_3,skewness_3m,bollinger_low_12,adl,ADX_3m,momentum_diff_RSI_6m_12m,RSI_6m,bollinger_high_6,momentum_diff_ROC_6m_12m,obv
XLP,2020-11-02 00:00:00,estatico,price_oscillator,MACD_3m,obv,skewness_6m,volume,skewness_3m,bollinger_high_6,CPIAUCSL,MACD_48m,kurtosis_6m
XLY,2020-11-02 00:00:00,shap,bollinger_high_12,price_oscillator,bollinger_high_6,MACD_3m,CPIAUCSL,bollinger_low_6,skewness_24m,RSI_3m,ADX_3m,RSI_48m
XLY,2020-11-02 00:00:00,causal,bollinger_low_6,CPIAUCSL,bollinger_high_6,bollinger_high_12,ROC_12m,bollinger_low_12,bollinger_low_3,price_oscillator,ROC_6m,ADX_3m
XLY,2020-11-02 00:00:00,estatico,price_oscillator,MACD_3m,obv,skewness_6m,volume,skewness_3m,bollinger_high_6,CPIAUCSL,MACD_48m,kurtosis_6m
XLF,2020-11-02 00:00:00,selectkbest,MACD_3m,ADX_3m,MACD_6m,MACD_12m,RSI_24m,MACD_24m,ADX_24m,MACD_48m,momentum_diff_RSI_12m_24m,price_oscillator
XLV,2020-11-02 00:00:00,shap,PPO_3m,bollinger_high_3,ROC_24m,ADX_48m,momentum_diff_ROC_12m_24m,kurtosis_6m,BOPGSTB,skewness_24m,RSI_6m,bollinger_low_3
XLV,2020-11-02 00:00:00,causal,PPO_3m,bollinger_high_3,bollinger_low_6,momentum_diff_RSI_3m_6m,BOPGSTB,kurtosis_12m,kurtosis_6m,momentum_diff_ROC_12m_24m,skewness_24m,open
XLP,2020-11-02 00:00:00,selectkbest,skewness_3m,kurtosis_24m,MACD_3m,ADX_3m,MACD_6m,MACD_12m,MACD_24m,MACD_48m,momentum_diff_ADX_3m_6m,bollinger_low_12
XLV,2020-11-02 00:00:00,estatico,price_oscillator,MACD_3m,obv,skewness_6m,volume,skewness_3m,bollinger_high_6,CPIAUCSL,MACD_48m,kurtosis_6m
XLY,2020-11-02 00:00:00,selectkbest,skewness_24m,MACD_3m,MACD_6m,MACD_12m,RSI_24m,MACD_24m,MACD_48m,ROC_48m,momentum_diff_ROC_24m_48m,bollinger_high_12
XLV,2020-11-02 00:00:00,selectkbest,MACD_3m,MACD_6m,MACD_12m,ROC_12m,MACD_24m,ROC_24m,MACD_48m,momentum_diff_ROC_12m_24m,bollinger_high_3,PPIACO
XLU,2020-11-02 00:00:00,shap,bollinger_high_6,volume,ADX_3m,momentum_diff_RSI_6m_12m,MACD_3m,skewness_3m,kurtosis_12m,momentum_diff_ADX_6m_12m,momentum_diff_ROC_3m_6m,ROC_6m
XLU,2020-11-02 00:00:00,causal,bollinger_high_6,ADX_3m,momentum_diff_ROC_3m_6m,volume,price_oscillator,skewness_6m,RSI_24m,BOPGSTB,momentum_diff_ROC_24m_48m,momentum_diff_ADX_24m_48m
XLU,2020-11-02 00:00:00,estatico,price_oscillator,MACD_3m,obv,skewness_6m,volume,skewness_3m,bollinger_high_6,CPIAUCSL,MACD_48m,kurtosis_6m
IYR,2020-11-02 00:00:00,shap,kurtosis_6m,bollinger_high_3,momentum_diff_ROC_12m_24m,ROC_12m,open,bollinger_low_3,obv,bollinger_high_6,volume,skewness_6m
IYR,2020-11-02 00:00:00,causal,CPIAUCSL,momentum_diff_ROC_12m_24m,obv,volume,bollinger_low_6,kurtosis_6m,skewness_3m,RSI_24m,week_of_year,ROC_12m
XLU,2020-11-02 00:00:00,selectkbest,skewness_3m,MACD_3m,MACD_6m,ADX_6m,MACD_12m,MACD_24m,MACD_48m,momentum_diff_ROC_3m_6m,momentum_diff_RSI_24m_48m,bollinger_high_6
IYR,2020-11-02 00:00:00,estatico,price_oscillator,MACD_3m,obv,skewness_6m,volume,skewness_3m,bollinger_high_6,CPIAUCSL,MACD_48m,kurtosis_6m
VOX,2020-11-02 00:00:00,causal,skewness_6m,skewness_3m,ROC_12m,skewness_24m,PPO_3m,bollinger_high_6,ADX_24m,CPIAUCSL,price_oscillator,bollinger_high_12
VOX,2020-11-02 00:00:00,shap,skewness_6m,ADX_12m,skewness_3m,ROC_12m,volume,MACD_3m,PPO_3m,skewness_48m,obv,momentum_diff_ROC_6m_12m
VOX,2020-11-02 00:00:00,estatico,price_oscillator,MACD_3m,obv,skewness_6m,volume,skewness_3m,bollinger_high_6,CPIAUCSL,MACD_48m,kurtosis_6m
SPY,2020-11-02 00:00:00,shap,skewness_48m,MACD_3m,CPIAUCSL,bollinger_high_12,kurtosis_6m,RSI_12m,bollinger_high_6,ADX_48m,volume,price_oscillator
IYR,2020-11-02 00:00:00,selectkbest,skewness_6m,kurtosis_6m,skewness_12m,ROC_12m,RSI_24m,MACD_48m,momentum_diff_ROC_6m_12m,momentum_diff_RSI_12m_24m,momentum_diff_ROC_12m_24m,price_oscillator
SPY,2020-11-02 00:00:00,causal,RSI_12m,CPIAUCSL,bollinger_low_6,price_oscillator,skewness_48m,bollinger_high_12,kurtosis_48m,volume,kurtosis_6m,kurtosis_12m
SPY,2020-11-02 00:00:00,estatico,price_oscillator,MACD_3m,obv,skewness_6m,volume,skewness_3m,bollinger_high_6,CPIAUCSL,MACD_48m,kurtosis_6m
VOX,2020-11-02 00:00:00,selectkbest,skewness_3m,skewness_6m,kurtosis_48m,MACD_3m,MACD_6m,ROC_6m,MACD_12m,MACD_24m,MACD_48m,momentum_diff_ROC_3m_6m
SPY,2020-11-02 00:00:00,selectkbest,kurtosis_6m,MACD_3m,MACD_6m,ROC_6m,MACD_12m,RSI_24m,MACD_24m,MACD_48m,momentum_diff_ROC_3m_6m,momentum_diff_ROC_6m_12m
XLE,2020-12-01 00:00:00,shap,open,RSI_6m,bollinger_high_12,volume,price_oscillator,ROC_6m,adl,low,obv,CPIAUCSL
XLE,2020-12-01 00:00:00,causal,kurtosis_24m,momentum_diff_ROC_12m_24m,obv,momentum_diff_ROC_6m_12m,month,ROC_6m,bollinger_low_12,bollinger_low_3,price_oscillator,momentum_diff_ADX_6m_12m
XLE,2020-12-01 00:00:00,estatico,price_oscillator,MACD_3m,obv,skewness_6m,volume,skewness_3m,bollinger_high_6,CPIAUCSL,MACD_48m,kurtosis_6m
XLB,2020-12-01 00:00:00,shap,bollinger_low_6,ADX_3m,momentum_diff_ROC_3m_6m,ROC_48m,RSI_12m,RSI_3m,obv,ADX_48m,price_oscillator,momentum_diff_RSI_3m_6m
XLB,2020-12-01 00:00:00,causal,bollinger_low_6,ROC_48m,obv,skewness_24m,skewness_3m,volume,skewness_6m,ADX_6m,kurtosis_12m,ADX_3m
XLB,2020-12-01 00:00:00,estatico,price_oscillator,MACD_3m,obv,skewness_6m,volume,skewness_3m,bollinger_high_6,CPIAUCSL,MACD_48m,kurtosis_6m
XLI,2020-12-01 00:00:00,shap,bollinger_high_6,bollinger_low_3,bollinger_high_12,kurtosis_6m,kurtosis_12m,price_oscillator,adl,skewness_48m,momentum_diff_ROC_24m_48m,skewness_6m
XLI,2020-12-01 00:00:00,causal,bollinger_high_12,skewness_48m,kurtosis_12m,skewness_6m,skewness_12m,kurtosis_6m,CPIAUCSL,bollinger_low_3,ROC_6m,momentum_diff_ADX_6m_12m
XLI,2020-12-01 00:00:00,estatico,price_oscillator,MACD_3m,obv,skewness_6m,volume,skewness_3m,bollinger_high_6,CPIAUCSL,MACD_48m,kurtosis_6m
XLK,2020-12-01 00:00:00,shap,momentum_diff_ADX_12m_24m,bollinger_high_6,ROC_12m,ROC_24m,MACD_3m,obv,ADX_48m,skewness_12m,PPO_3m,skewness_3m
XLE,2020-12-01 00:00:00,selectkbest,open,high,low,volume,close_or,kurtosis_24m,momentum_diff_ADX_24m_48m,FEDFUNDS,UNRATE,TB3MS
XLK,2020-12-01 00:00:00,causal,obv,bollinger_high_12,momentum_diff_ADX_12m_24m,bollinger_high_6,price_oscillator,CPIAUCSL,momentum_diff_ROC_3m_6m,momentum_diff_ROC_12m_24m,bollinger_low_6,skewness_6m
XLK,2020-12-01 00:00:00,estatico,price_oscillator,MACD_3m,obv,skewness_6m,volume,skewness_3m,bollinger_high_6,CPIAUCSL,MACD_48m,kurtosis_6m
XLB,2020-12-01 00:00:00,selectkbest,PPO_3m,PPO_6m,MACD_12m,PPO_12m,MACD_24m,PPO_24m,MACD_48m,PPO_48m,ROC_48m,bollinger_low_24
XLI,2020-12-01 00:00:00,selectkbest,volume,skewness_6m,kurtosis_6m,MACD_12m,MACD_24m,MACD_48m,ROC_48m,momentum_diff_ROC_24m_48m,bollinger_high_12,bollinger_high_24
XLK,2020-12-01 00:00:00,selectkbest,skewness_6m,MACD_3m,MACD_6m,MACD_12m,RSI_24m,MACD_24m,MACD_48m,momentum_diff_ADX_6m_12m,momentum_diff_ADX_24m_48m,CPIAUCSL
XLF,2020-12-01 00:00:00,causal,CPIAUCSL,price_oscillator,bollinger_high_3,adl,obv,ADX_24m,ROC_12m,momentum_diff_RSI_6m_12m,skewness_24m,kurtosis_6m
XLF,2020-12-01 00:00:00,shap,CPIAUCSL,open,price_oscillator,obv,momentum_diff_ROC_3m_6m,volume,ADX_3m,ADX_24m,skewness_3m,momentum_diff_RSI_3m_6m
XLF,2020-12-01 00:00:00,estatico,price_oscillator,MACD_3m,obv,skewness_6m,volume,skewness_3m,bollinger_high_6,CPIAUCSL,MACD_48m,kurtosis_6m
XLP,2020-12-01 00:00:00,shap,ADX_3m,bollinger_low_3,bollinger_low_12,bollinger_low_24,kurtosis_6m,MACD_3m,bollinger_high_6,ROC_6m,skewness_3m,price_oscillator
XLP,2020-12-01 00:00:00,causal,bollinger_low_3,skewness_3m,ADX_3m,bollinger_low_12,adl,momentum_diff_RSI_6m_12m,RSI_6m,kurtosis_24m,PPO_3m,momentum_diff_ROC_3m_6m
XLP,2020-12-01 00:00:00,estatico,price_oscillator,MACD_3m,obv,skewness_6m,volume,skewness_3m,bollinger_high_6,CPIAUCSL,MACD_48m,kurtosis_6m
XLF,2020-12-01 00:00:00,selectkbest,MACD_3m,ADX_3m,MACD_6m,MACD_12m,ADX_12m,RSI_24m,MACD_24m,ADX_24m,MACD_48m,price_oscillator
XLY,2020-12-01 00:00:00,shap,skewness_24m,price_oscillator,bollinger_low_6,skewness_6m,CPIAUCSL,bollinger_high_12,MACD_3m,momentum_diff_ADX_3m_6m,ROC_12m,bollinger_high_6
XLY,2020-12-01 00:00:00,causal,CPIAUCSL,bollinger_low_6,bollinger_high_6,price_oscillator,bollinger_low_12,bollinger_low_3,bollinger_high_12,skewness_24m,ROC_12m,ROC_48m
XLY,2020-12-01 00:00:00,estatico,price_oscillator,MACD_3m,obv,skewness_6m,volume,skewness_3m,bollinger_high_6,CPIAUCSL,MACD_48m,kurtosis_6m
XLV,2020-12-01 00:00:00,shap,bollinger_high_3,PPO_3m,momentum_diff_ROC_12m_24m,kurtosis_24m,ADX_48m,RSI_6m,ROC_24m,kurtosis_6m,skewness_24m,obv
XLV,2020-12-01 00:00:00,causal,bollinger_high_3,PPO_3m,kurtosis_6m,momentum_diff_RSI_3m_6m,bollinger_low_6,kurtosis_12m,bollinger_low_12,kurtosis_24m,momentum_diff_ROC_12m_24m,ROC_24m
XLV,2020-12-01 00:00:00,estatico,price_oscillator,MACD_3m,obv,skewness_6m,volume,skewness_3m,bollinger_high_6,CPIAUCSL,MACD_48m,kurtosis_6m
XLP,2020-12-01 00:00:00,selectkbest,skewness_3m,kurtosis_6m,MACD_3m,ADX_3m,MACD_6m,MACD_12m,MACD_24m,MACD_48m,momentum_diff_ADX_3m_6m,bollinger_low_12
XLY,2020-12-01 00:00:00,selectkbest,MACD_3m,MACD_6m,MACD_12m,RSI_24m,MACD_24m,MACD_48m,ROC_48m,momentum_diff_ROC_24m_48m,bollinger_high_12,bollinger_high_24
XLV,2020-12-01 00:00:00,selectkbest,MACD_3m,MACD_6m,MACD_12m,ROC_12m,MACD_24m,ROC_24m,MACD_48m,momentum_diff_ROC_12m_24m,momentum_diff_RSI_24m_48m,bollinger_high_3
XLU,2020-12-01 00:00:00,shap,bollinger_high_6,volume,MACD_3m,skewness_3m,bollinger_high_48,kurtosis_24m,momentum_diff_RSI_12m_24m,momentum_diff_ROC_6m_12m,RSI_3m,ADX_3m
XLU,2020-12-01 00:00:00,causal,bollinger_high_6,ADX_3m,momentum_diff_ROC_3m_6m,price_oscillator,skewness_3m,volume,skewness_6m,momentum_diff_ROC_24m_48m,momentum_diff_RSI_6m_12m,momentum_diff_ADX_6m_12m
XLU,2020-12-01 00:00:00,estatico,price_oscillator,MACD_3m,obv,skewness_6m,volume,skewness_3m,bollinger_high_6,CPIAUCSL,MACD_48m,kurtosis_6m
IYR,2020-12-01 00:00:00,shap,kurtosis_6m,bollinger_high_3,ADX_6m,ROC_12m,bollinger_high_6,momentum_diff_ROC_12m_24m,bollinger_low_3,volume,open,RSI_48m
IYR,2020-12-01 00:00:00,causal,CPIAUCSL,momentum_diff_ROC_12m_24m,volume,obv,bollinger_low_6,kurtosis_6m,RSI_24m,ADX_6m,price_oscillator,skewness_3m
XLU,2020-12-01 00:00:00,selectkbest,skewness_3m,MACD_3m,MACD_6m,ADX_6m,MACD_12m,MACD_24m,MACD_48m,momentum_diff_ROC_3m_6m,momentum_diff_RSI_24m_48m,bollinger_high_6
IYR,2020-12-01 00:00:00,estatico,price_oscillator,MACD_3m,obv,skewness_6m,volume,skewness_3m,bollinger_high_6,CPIAUCSL,MACD_48m,kurtosis_6m
VOX,2020-12-01 00:00:00,causal,skewness_6m,skewness_3m,ROC_12m,skewness_24m,ADX_12m,price_oscillator,bollinger_high_6,bollinger_high_12,bollinger_low_3,PPO_3m
VOX,2020-12-01 00:00:00,shap,skewness_6m,skewness_3m,ADX_12m,MACD_3m,ROC_12m,bollinger_low_3,adl,volume,momentum_diff_ADX_6m_12m,bollinger_high_3
VOX,2020-12-01 00:00:00,estatico,price_oscillator,MACD_3m,obv,skewness_6m,volume,skewness_3m,bollinger_high_6,CPIAUCSL,MACD_48m,kurtosis_6m
SPY,2020-12-01 00:00:00,causal,skewness_48m,price_oscillator,bollinger_high_12,RSI_12m,CPIAUCSL,kurtosis_48m,bollinger_low_6,volume,momentum_diff_ROC_3m_6m,ROC_6m
SPY,2020-12-01 00:00:00,shap,bollinger_high_12,kurtosis_6m,CPIAUCSL,MACD_3m,skewness_48m,volume,bollinger_high_6,bollinger_low_6,RSI_12m,ROC_24m
SPY,2020-12-01 00:00:00,estatico,price_oscillator,MACD_3m,obv,skewness_6m,volume,skewness_3m,bollinger_high_6,CPIAUCSL,MACD_48m,kurtosis_6m
IYR,2020-12-01 00:00:00,selectkbest,skewness_6m,kurtosis_6m,MACD_12m,ROC_12m,RSI_24m,MACD_24m,MACD_48m,momentum_diff_ROC_6m_12m,momentum_diff_ROC_12m_24m,price_oscillator
VOX,2020-12-01 00:00:00,selectkbest,skewness_6m,kurtosis_48m,MACD_3m,MACD_6m,ROC_6m,MACD_12m,MACD_24m,MACD_48m,bollinger_high_12,obv
SPY,2020-12-01 00:00:00,selectkbest,kurtosis_6m,MACD_3m,MACD_6m,ROC_6m,MACD_12m,RSI_24m,MACD_24m,MACD_48m,momentum_diff_ROC_6m_12m,adl
XLE,2021-01-04 00:00:00,shap,open,price_oscillator,ROC_6m,obv,RSI_6m,kurtosis_24m,volume,BOPGSTB,skewness_3m,bollinger_low_6
XLE,2021-01-04 00:00:00,causal,kurtosis_24m,momentum_diff_ROC_12m_24m,obv,ROC_6m,month,momentum_diff_ROC_6m_12m,high,bollinger_low_3,momentum_diff_ADX_6m_12m,price_oscillator
XLE,2021-01-04 00:00:00,estatico,price_oscillator,MACD_3m,obv,skewness_6m,volume,skewness_3m,bollinger_high_6,CPIAUCSL,MACD_48m,kurtosis_6m
XLB,2021-01-04 00:00:00,shap,bollinger_low_6,ADX_3m,momentum_diff_ROC_3m_6m,RSI_3m,RSI_12m,ROC_48m,bollinger_low_48,ROC_24m,obv,momentum_diff_RSI_3m_6m
XLB,2021-01-04 00:00:00,causal,bollinger_low_6,skewness_6m,skewness_24m,ROC_48m,volume,bollinger_low_12,skewness_3m,kurtosis_12m,momentum_diff_ROC_3m_6m,ADX_6m
XLB,2021-01-04 00:00:00,estatico,price_oscillator,MACD_3m,obv,skewness_6m,volume,skewness_3m,bollinger_high_6,CPIAUCSL,MACD_48m,kurtosis_6m
XLI,2021-01-04 00:00:00,shap,bollinger_high_6,bollinger_low_3,bollinger_high_12,kurtosis_12m,kurtosis_6m,UMCSENT,skewness_6m,momentum_diff_ROC_3m_6m,adl,price_oscillator
XLI,2021-01-04 00:00:00,causal,bollinger_high_12,skewness_48m,kurtosis_6m,skewness_6m,kurtosis_12m,ROC_6m,bollinger_low_3,skewness_12m,CPIAUCSL,obv
XLI,2021-01-04 00:00:00,estatico,price_oscillator,MACD_3m,obv,skewness_6m,volume,skewness_3m,bollinger_high_6,CPIAUCSL,MACD_48m,kurtosis_6m
XLK,2021-01-04 00:00:00,causal,bollinger_high_12,obv,bollinger_high_6,price_oscillator,momentum_diff_ADX_12m_24m,skewness_3m,MACD_3m,bollinger_low_6,momentum_diff_ROC_12m_24m,momentum_diff_ROC_3m_6m
XLK,2021-01-04 00:00:00,shap,momentum_diff_ADX_12m_24m,bollinger_high_12,skewness_3m,bollinger_high_6,ROC_24m,price_oscillator,bollinger_low_6,MACD_3m,ROC_12m,ADX_48m
XLE,2021-01-04 00:00:00,selectkbest,open,high,low,volume,close_or,kurtosis_24m,momentum_diff_ADX_24m_48m,bollinger_low_48,FEDFUNDS,TB3MS
XLK,2021-01-04 00:00:00,estatico,price_oscillator,MACD_3m,obv,skewness_6m,volume,skewness_3m,bollinger_high_6,CPIAUCSL,MACD_48m,kurtosis_6m
XLB,2021-01-04 00:00:00,selectkbest,PPO_3m,PPO_6m,PPO_12m,MACD_24m,PPO_24m,MACD_48m,PPO_48m,ROC_48m,bollinger_high_24,bollinger_low_24
XLI,2021-01-04 00:00:00,selectkbest,volume,skewness_6m,kurtosis_6m,MACD_12m,MACD_24m,MACD_48m,ROC_48m,momentum_diff_ROC_24m_48m,bollinger_high_12,bollinger_high_24
XLK,2021-01-04 00:00:00,selectkbest,skewness_6m,MACD_3m,MACD_6m,MACD_12m,RSI_24m,MACD_24m,MACD_48m,momentum_diff_ADX_6m_12m,momentum_diff_ADX_24m_48m,CPIAUCSL
XLF,2021-01-04 00:00:00,shap,CPIAUCSL,open,obv,volume,price_oscillator,BOPGSTB,momentum_diff_ROC_3m_6m,ADX_3m,ADX_24m,ADX_6m
XLF,2021-01-04 00:00:00,causal,CPIAUCSL,price_oscillator,bollinger_high_3,adl,kurtosis_6m,ROC_12m,kurtosis_24m,kurtosis_12m,obv,bollinger_high_12
XLF,2021-01-04 00:00:00,estatico,price_oscillator,MACD_3m,obv,skewness_6m,volume,skewness_3m,bollinger_high_6,CPIAUCSL,MACD_48m,kurtosis_6m
XLP,2021-01-04 00:00:00,shap,bollinger_low_3,ADX_3m,bollinger_low_12,MACD_3m,kurtosis_24m,kurtosis_6m,skewness_3m,price_oscillator,momentum_diff_ADX_3m_6m,bollinger_low_24
XLP,2021-01-04 00:00:00,causal,bollinger_low_3,bollinger_low_12,ADX_3m,adl,skewness_3m,RSI_6m,volume,momentum_diff_RSI_6m_12m,momentum_diff_ROC_6m_12m,price_oscillator
XLP,2021-01-04 00:00:00,estatico,price_oscillator,MACD_3m,obv,skewness_6m,volume,skewness_3m,bollinger_high_6,CPIAUCSL,MACD_48m,kurtosis_6m
XLF,2021-01-04 00:00:00,selectkbest,MACD_3m,ADX_3m,MACD_6m,MACD_12m,ADX_12m,RSI_24m,MACD_24m,ADX_24m,MACD_48m,price_oscillator
XLY,2021-01-04 00:00:00,shap,price_oscillator,bollinger_high_12,skewness_24m,MACD_3m,bollinger_low_6,ROC_3m,bollinger_high_6,CPIAUCSL,momentum_diff_ADX_3m_6m,kurtosis_6m
XLY,2021-01-04 00:00:00,estatico,price_oscillator,MACD_3m,obv,skewness_6m,volume,skewness_3m,bollinger_high_6,CPIAUCSL,MACD_48m,kurtosis_6m
XLY,2021-01-04 00:00:00,causal,CPIAUCSL,bollinger_low_6,bollinger_low_12,bollinger_high_6,bollinger_high_12,ROC_6m,bollinger_low_3,ROC_12m,kurtosis_6m,price_oscillator
XLV,2021-01-04 00:00:00,shap,bollinger_high_3,PPO_3m,momentum_diff_ROC_12m_24m,kurtosis_24m,ROC_24m,RSI_6m,skewness_24m,ADX_48m,momentum_diff_ADX_3m_6m,kurtosis_6m
XLV,2021-01-04 00:00:00,causal,bollinger_high_3,PPO_3m,bollinger_low_6,ADX_48m,momentum_diff_ROC_12m_24m,kurtosis_24m,kurtosis_6m,BOPGSTB,ROC_24m,skewness_3m
XLP,2021-01-04 00:00:00,selectkbest,skewness_3m,kurtosis_6m,MACD_3m,ADX_3m,MACD_6m,MACD_12m,MACD_24m,MACD_48m,momentum_diff_ADX_3m_6m,bollinger_low_12
XLV,2021-01-04 00:00:00,estatico,price_oscillator,MACD_3m,obv,skewness_6m,volume,skewness_3m,bollinger_high_6,CPIAUCSL,MACD_48m,kurtosis_6m
XLY,2021-01-04 00:00:00,selectkbest,MACD_3m,MACD_6m,MACD_12m,RSI_24m,MACD_24m,MACD_48m,ROC_48m,momentum_diff_ROC_24m_48m,bollinger_high_12,bollinger_high_24
XLV,2021-01-04 00:00:00,selectkbest,MACD_3m,MACD_6m,MACD_12m,ROC_12m,MACD_24m,ROC_24m,MACD_48m,momentum_diff_ROC_12m_24m,bollinger_high_3,PPIACO
XLU,2021-01-04 00:00:00,shap,bollinger_high_6,volume,MACD_3m,skewness_3m,bollinger_high_48,kurtosis_24m,kurtosis_12m,momentum_diff_ROC_6m_12m,RSI_3m,price_oscillator
XLU,2021-01-04 00:00:00,causal,bollinger_high_6,ADX_3m,momentum_diff_ROC_3m_6m,momentum_diff_RSI_6m_12m,price_oscillator,skewness_6m,RSI_24m,volume,skewness_3m,momentum_diff_ROC_24m_48m
XLU,2021-01-04 00:00:00,estatico,price_oscillator,MACD_3m,obv,skewness_6m,volume,skewness_3m,bollinger_high_6,CPIAUCSL,MACD_48m,kurtosis_6m
IYR,2021-01-04 00:00:00,shap,kurtosis_6m,ADX_6m,ROC_12m,volume,bollinger_low_3,bollinger_high_3,open,momentum_diff_ROC_12m_24m,bollinger_low_24,bollinger_low_12
IYR,2021-01-04 00:00:00,causal,CPIAUCSL,obv,momentum_diff_ROC_12m_24m,volume,bollinger_low_6,kurtosis_6m,RSI_24m,price_oscillator,ADX_6m,skewness_3m
XLU,2021-01-04 00:00:00,selectkbest,skewness_3m,MACD_3m,MACD_6m,ADX_6m,MACD_12m,MACD_24m,MACD_48m,momentum_diff_ROC_3m_6m,momentum_diff_RSI_24m_48m,bollinger_high_6
IYR,2021-01-04 00:00:00,estatico,price_oscillator,MACD_3m,obv,skewness_6m,volume,skewness_3m,bollinger_high_6,CPIAUCSL,MACD_48m,kurtosis_6m
VOX,2021-01-04 00:00:00,causal,skewness_6m,ROC_12m,skewness_3m,skewness_24m,bollinger_high_6,PPO_3m,ADX_12m,bollinger_low_3,bollinger_high_12,CPIAUCSL
VOX,2021-01-04 00:00:00,shap,skewness_6m,ADX_12m,skewness_3m,MACD_3m,ROC_12m,bollinger_low_3,volume,bollinger_high_6,skewness_48m,price_oscillator
VOX,2021-01-04 00:00:00,estatico,price_oscillator,MACD_3m,obv,skewness_6m,volume,skewness_3m,bollinger_high_6,CPIAUCSL,MACD_48m,kurtosis_6m
SPY,2021-01-04 00:00:00,shap,bollinger_high_12,kurtosis_6m,CPIAUCSL,volume,MACD_3m,skewness_48m,bollinger_high_6,RSI_12m,ROC_24m,ADX_48m
SPY,2021-01-04 00:00:00,causal,skewness_48m,RSI_12m,bollinger_high_12,price_oscillator,volume,kurtosis_48m,momentum_diff_ROC_3m_6m,bollinger_low_6,skewness_6m,momentum_diff_ROC_6m_12m
IYR,2021-01-04 00:00:00,selectkbest,skewness_6m,kurtosis_6m,ROC_12m,RSI_24m,MACD_24m,MACD_48m,momentum_diff_ROC_6m_12m,momentum_diff_RSI_12m_24m,momentum_diff_ROC_12m_24m,price_oscillator
VOX,2021-01-04 00:00:00,selectkbest,skewness_6m,kurtosis_48m,MACD_3m,MACD_6m,ROC_6m,MACD_12m,MACD_24m,MACD_48m,bollinger_high_12,obv
SPY,2021-01-04 00:00:00,estatico,price_oscillator,MACD_3m,obv,skewness_6m,volume,skewness_3m,bollinger_high_6,CPIAUCSL,MACD_48m,kurtosis_6m
SPY,2021-01-04 00:00:00,selectkbest,kurtosis_6m,MACD_3m,MACD_6m,ROC_6m,MACD_12m,RSI_24m,MACD_24m,MACD_48m,momentum_diff_ROC_6m_12m,adl
