XLE,2023-01-03 00:00:00,shap,low,price_oscillator,BOPGSTB,bollinger_high_3,volume,ROC_6m,kurtosis_12m,kurtosis_24m,skewness_12m,ROC_3m
XLE,2023-01-03 00:00:00,estatico,price_oscillator,MACD_3m,obv,skewness_6m,volume,skewness_3m,bollinger_high_6,CPIAUCSL,MACD_48m,kurtosis_6m
XLB,2023-01-03 00:00:00,estatico,price_oscillator,MACD_3m,obv,skewness_6m,volume,skewness_3m,bollinger_high_6,CPIAUCSL,MACD_48m,kurtosis_6m
XLB,2023-01-03 00:00:00,shap,ADX_3m,ROC_48m,RSI_3m,skewness_6m,MACD_3m,bollinger_low_6,momentum_diff_ROC_3m_6m,momentum_diff_ADX_6m_12m,volume,bollinger_low_24
XLI,2023-01-03 00:00:00,causal,bollinger_high_12,kurtosis_12m,skewness_6m,bollinger_low_6,bollinger_low_3,skewness_48m,bollinger_high_6,price_oscillator,CPIAUCSL,momentum_diff_RSI_6m_12m
XLE,2023-01-03 00:00:00,causal,GDP,kurtosis_24m,kurtosis_12m,momentum_diff_ROC_12m_24m,obv,bollinger_low_6,ROC_6m,high,ROC_48m,bollinger_high_12
XLI,2023-01-03 00:00:00,estatico,price_oscillator,MACD_3m,obv,skewness_6m,volume,skewness_3m,bollinger_high_6,CPIAUCSL,MACD_48m,kurtosis_6m
XLB,2023-01-03 00:00:00,causal,ROC_48m,skewness_6m,bollinger_low_6,skewness_3m,volume,bollinger_low_24,obv,price_oscillator,skewness_24m,PPO_3m
XLI,2023-01-03 00:00:00,shap,bollinger_high_12,skewness_48m,skewness_24m,kurtosis_6m,MACD_3m,momentum_diff_ROC_24m_48m,kurtosis_24m,price_oscillator,bollinger_high_6,bollinger_low_24
XLK,2023-01-03 00:00:00,shap,momentum_diff_ROC_12m_24m,UNRATE,skewness_3m,bollinger_high_48,bollinger_low_12,price_oscillator,RSI_3m,skewness_6m,bollinger_high_6,momentum_diff_ADX_12m_24m
XLE,2023-01-03 00:00:00,selectkbest,open,high,kurtosis_24m,kurtosis_48m,momentum_diff_ADX_24m_48m,bollinger_high_24,bollinger_low_24,bollinger_high_48,bollinger_low_48,BOPGSTB
XLK,2023-01-03 00:00:00,estatico,price_oscillator,MACD_3m,obv,skewness_6m,volume,skewness_3m,bollinger_high_6,CPIAUCSL,MACD_48m,kurtosis_6m
XLK,2023-01-03 00:00:00,causal,bollinger_high_6,momentum_diff_ROC_12m_24m,obv,bollinger_high_12,price_oscillator,UMCSENT,bollinger_low_3,momentum_diff_ROC_3m_6m,momentum_diff_RSI_24m_48m,ROC_12m
XLI,2023-01-03 00:00:00,selectkbest,skewness_6m,kurtosis_6m,MACD_3m,MACD_6m,MACD_12m,MACD_24m,ROC_48m,momentum_diff_ROC_24m_48m,bollinger_high_12,bollinger_low_24
XLB,2023-01-03 00:00:00,selectkbest,PPO_3m,PPO_6m,MACD_12m,PPO_12m,MACD_24m,PPO_24m,PPO_48m,ROC_48m,bollinger_high_24,bollinger_low_24
XLK,2023-01-03 00:00:00,selectkbest,skewness_6m,MACD_3m,MACD_6m,MACD_12m,ROC_12m,MACD_24m,MACD_48m,momentum_diff_RSI_24m_48m,momentum_diff_ROC_24m_48m,adl
XLF,2023-01-03 00:00:00,causal,CPIAUCSL,price_oscillator,ADX_6m,UMCSENT,ROC_6m,ADX_24m,momentum_diff_ROC_3m_6m,BOPGSTB,bollinger_high_3,bollinger_low_12
XLF,2023-01-03 00:00:00,shap,CPIAUCSL,open,ADX_24m,skewness_3m,volume,momentum_diff_ROC_3m_6m,ADX_48m,price_oscillator,bollinger_low_6,ADX_6m
XLP,2023-01-03 00:00:00,causal,bollinger_low_3,skewness_3m,ADX_3m,MACD_3m,bollinger_low_24,kurtosis_12m,price_oscillator,ROC_12m,ADX_6m,momentum_diff_ROC_6m_12m
XLP,2023-01-03 00:00:00,shap,ADX_3m,momentum_diff_ADX_3m_6m,MACD_3m,bollinger_low_3,bollinger_low_12,bollinger_low_24,open,price_oscillator,momentum_diff_ROC_6m_12m,kurtosis_12m
XLF,2023-01-03 00:00:00,estatico,price_oscillator,MACD_3m,obv,skewness_6m,volume,skewness_3m,bollinger_high_6,CPIAUCSL,MACD_48m,kurtosis_6m
XLY,2023-01-03 00:00:00,causal,UMCSENT,UNRATE,bollinger_low_6,CPIAUCSL,bollinger_high_3,ADX_3m,price_oscillator,ROC_12m,bollinger_high_6,bollinger_high_12
XLY,2023-01-03 00:00:00,shap,UMCSENT,skewness_24m,bollinger_high_12,UNRATE,bollinger_high_3,price_oscillator,kurtosis_6m,RSI_3m,obv,ADX_3m
XLV,2023-01-03 00:00:00,shap,bollinger_high_3,PPO_3m,skewness_48m,momentum_diff_ROC_12m_24m,kurtosis_6m,skewness_24m,ADX_48m,MACD_3m,skewness_6m,price_oscillator
XLY,2023-01-03 00:00:00,estatico,price_oscillator,MACD_3m,obv,skewness_6m,volume,skewness_3m,bollinger_high_6,CPIAUCSL,MACD_48m,kurtosis_6m
XLP,2023-01-03 00:00:00,selectkbest,MACD_3m,ADX_3m,MACD_6m,MACD_12m,MACD_24m,MACD_48m,momentum_diff_ADX_3m_6m,bollinger_low_3,bollinger_low_6,bollinger_low_12
XLF,2023-01-03 00:00:00,selectkbest,MACD_6m,MACD_12m,ADX_12m,RSI_24m,MACD_24m,ADX_24m,MACD_48m,bollinger_high_3,bollinger_high_12,price_oscillator
XLP,2023-01-03 00:00:00,estatico,price_oscillator,MACD_3m,obv,skewness_6m,volume,skewness_3m,bollinger_high_6,CPIAUCSL,MACD_48m,kurtosis_6m
XLV,2023-01-03 00:00:00,causal,bollinger_high_3,PPO_3m,kurtosis_6m,skewness_3m,bollinger_low_6,skewness_24m,momentum_diff_RSI_3m_6m,ROC_24m,ADX_48m,momentum_diff_ROC_12m_24m
XLY,2023-01-03 00:00:00,selectkbest,kurtosis_6m,MACD_12m,MACD_24m,RSI_48m,MACD_48m,ROC_48m,momentum_diff_RSI_24m_48m,momentum_diff_ROC_24m_48m,bollinger_high_12,UNRATE
XLV,2023-01-03 00:00:00,estatico,price_oscillator,MACD_3m,obv,skewness_6m,volume,skewness_3m,bollinger_high_6,CPIAUCSL,MACD_48m,kurtosis_6m
XLU,2023-01-03 00:00:00,shap,skewness_3m,price_oscillator,MACD_3m,bollinger_high_6,momentum_diff_RSI_3m_6m,momentum_diff_RSI_24m_48m,RSI_48m,CPIAUCSL,momentum_diff_ADX_12m_24m,BOPGSTB
XLV,2023-01-03 00:00:00,selectkbest,MACD_3m,MACD_6m,MACD_12m,MACD_24m,ROC_24m,RSI_48m,MACD_48m,momentum_diff_ROC_12m_24m,momentum_diff_RSI_24m_48m,bollinger_high_3
XLU,2023-01-03 00:00:00,causal,skewness_3m,bollinger_high_6,price_oscillator,ROC_12m,MACD_3m,momentum_diff_ROC_3m_6m,momentum_diff_ADX_12m_24m,ADX_3m,UMCSENT,volume
IYR,2023-01-03 00:00:00,shap,momentum_diff_ROC_12m_24m,obv,bollinger_low_3,volume,momentum_diff_ADX_12m_24m,ROC_48m,kurtosis_6m,BOPGSTB,UMCSENT,open
IYR,2023-01-03 00:00:00,causal,CPIAUCSL,obv,momentum_diff_ROC_12m_24m,volume,RSI_24m,price_oscillator,skewness_3m,low,bollinger_low_6,RSI_3m
IYR,2023-01-03 00:00:00,estatico,price_oscillator,MACD_3m,obv,skewness_6m,volume,skewness_3m,bollinger_high_6,CPIAUCSL,MACD_48m,kurtosis_6m
VOX,2023-01-03 00:00:00,causal,skewness_6m,bollinger_high_12,skewness_3m,ADX_12m,MACD_3m,ADX_24m,ROC_12m,UNRATE,price_oscillator,kurtosis_12m
XLU,2023-01-03 00:00:00,estatico,price_oscillator,MACD_3m,obv,skewness_6m,volume,skewness_3m,bollinger_high_6,CPIAUCSL,MACD_48m,kurtosis_6m
XLU,2023-01-03 00:00:00,selectkbest,skewness_3m,MACD_3m,MACD_6m,MACD_12m,MACD_24m,RSI_48m,MACD_48m,momentum_diff_ROC_3m_6m,momentum_diff_RSI_24m_48m,bollinger_high_6
VOX,2023-01-03 00:00:00,estatico,price_oscillator,MACD_3m,obv,skewness_6m,volume,skewness_3m,bollinger_high_6,CPIAUCSL,MACD_48m,kurtosis_6m
VOX,2023-01-03 00:00:00,shap,skewness_6m,ADX_12m,skewness_3m,momentum_diff_ROC_24m_48m,adl,bollinger_high_12,ROC_12m,kurtosis_12m,volume,momentum_diff_ADX_3m_6m
IYR,2023-01-03 00:00:00,selectkbest,skewness_6m,kurtosis_6m,ROC_12m,RSI_24m,momentum_diff_ROC_6m_12m,momentum_diff_ROC_12m_24m,bollinger_high_12,bollinger_high_24,price_oscillator,adl
SPY,2023-01-03 00:00:00,causal,bollinger_high_12,price_oscillator,skewness_48m,RSI_12m,bollinger_low_6,momentum_diff_ROC_3m_6m,UMCSENT,bollinger_low_3,volume,kurtosis_24m
VOX,2023-01-03 00:00:00,selectkbest,skewness_3m,skewness_6m,ADX_12m,ADX_24m,ADX_48m,bollinger_high_12,UNRATE,BOPGSTB,PPIACO,TB3MS
SPY,2023-01-03 00:00:00,shap,bollinger_high_12,skewness_48m,UMCSENT,ADX_48m,RSI_12m,kurtosis_6m,MACD_3m,bollinger_low_6,volume,price_oscillator
SPY,2023-01-03 00:00:00,estatico,price_oscillator,MACD_3m,obv,skewness_6m,volume,skewness_3m,bollinger_high_6,CPIAUCSL,MACD_48m,kurtosis_6m
SPY,2023-01-03 00:00:00,selectkbest,MACD_3m,MACD_6m,ROC_6m,MACD_12m,MACD_24m,MACD_48m,momentum_diff_ROC_3m_6m,momentum_diff_ROC_6m_12m,momentum_diff_RSI_24m_48m,bollinger_high_12
XLE,2023-02-01 00:00:00,shap,BOPGSTB,kurtosis_24m,obv,skewness_6m,price_oscillator,high,low,ROC_3m,month,bollinger_high_6
XLB,2023-02-01 00:00:00,estatico,price_oscillator,MACD_3m,obv,skewness_6m,volume,skewness_3m,bollinger_high_6,CPIAUCSL,MACD_48m,kurtosis_6m
XLB,2023-02-01 00:00:00,shap,skewness_6m,bollinger_low_6,ROC_48m,RSI_3m,MACD_3m,momentum_diff_ROC_3m_6m,ADX_3m,momentum_diff_ADX_6m_12m,skewness_3m,bollinger_low_24
XLE,2023-02-01 00:00:00,estatico,price_oscillator,MACD_3m,obv,skewness_6m,volume,skewness_3m,bollinger_high_6,CPIAUCSL,MACD_48m,kurtosis_6m
XLI,2023-02-01 00:00:00,causal,skewness_6m,bollinger_high_6,bollinger_low_3,momentum_diff_RSI_6m_12m,bollinger_low_12,price_oscillator,kurtosis_6m,skewness_12m,bollinger_high_12,kurtosis_12m
XLI,2023-02-01 00:00:00,estatico,price_oscillator,MACD_3m,obv,skewness_6m,volume,skewness_3m,bollinger_high_6,CPIAUCSL,MACD_48m,kurtosis_6m
XLK,2023-02-01 00:00:00,shap,bollinger_high_6,momentum_diff_ROC_12m_24m,momentum_diff_ADX_12m_24m,skewness_6m,price_oscillator,bollinger_high_12,bollinger_low_12,momentum_diff_ROC_24m_48m,skewness_3m,UMCSENT
XLB,2023-02-01 00:00:00,causal,skewness_6m,bollinger_low_6,ROC_48m,skewness_3m,bollinger_low_24,volume,RSI_6m,momentum_diff_ROC_3m_6m,obv,ADX_3m
XLI,2023-02-01 00:00:00,shap,bollinger_high_12,skewness_48m,skewness_24m,kurtosis_6m,kurtosis_12m,MACD_3m,bollinger_high_6,RSI_12m,momentum_diff_ROC_24m_48m,price_oscillator
XLE,2023-02-01 00:00:00,causal,kurtosis_24m,momentum_diff_ROC_12m_24m,obv,GDP,kurtosis_12m,bollinger_low_6,volume,month,ROC_48m,bollinger_high_12
XLK,2023-02-01 00:00:00,causal,momentum_diff_ROC_12m_24m,obv,bollinger_high_6,UMCSENT,bollinger_low_3,bollinger_high_12,bollinger_low_6,price_oscillator,momentum_diff_ROC_3m_6m,bollinger_low_12
XLE,2023-02-01 00:00:00,selectkbest,high,kurtosis_24m,kurtosis_48m,momentum_diff_ADX_24m_48m,bollinger_high_24,bollinger_low_24,bollinger_high_48,bollinger_low_48,BOPGSTB,UMCSENT
XLB,2023-02-01 00:00:00,selectkbest,PPO_3m,PPO_6m,PPO_12m,MACD_24m,PPO_24m,MACD_48m,PPO_48m,ROC_48m,bollinger_high_24,bollinger_low_24
XLI,2023-02-01 00:00:00,selectkbest,skewness_6m,kurtosis_6m,MACD_3m,MACD_6m,MACD_12m,MACD_24m,ROC_48m,momentum_diff_ROC_24m_48m,bollinger_high_12,bollinger_low_24
XLK,2023-02-01 00:00:00,estatico,price_oscillator,MACD_3m,obv,skewness_6m,volume,skewness_3m,bollinger_high_6,CPIAUCSL,MACD_48m,kurtosis_6m
XLK,2023-02-01 00:00:00,selectkbest,skewness_6m,MACD_3m,MACD_6m,MACD_12m,ROC_12m,MACD_24m,RSI_48m,MACD_48m,momentum_diff_RSI_24m_48m,adl
XLF,2023-02-01 00:00:00,shap,CPIAUCSL,open,ADX_24m,volume,skewness_3m,bollinger_high_24,kurtosis_12m,price_oscillator,ROC_3m,momentum_diff_ROC_3m_6m
XLF,2023-02-01 00:00:00,estatico,price_oscillator,MACD_3m,obv,skewness_6m,volume,skewness_3m,bollinger_high_6,CPIAUCSL,MACD_48m,kurtosis_6m
XLF,2023-02-01 00:00:00,causal,CPIAUCSL,price_oscillator,ADX_24m,bollinger_high_3,kurtosis_6m,UMCSENT,ADX_6m,adl,momentum_diff_ROC_3m_6m,bollinger_low_12
XLY,2023-02-01 00:00:00,shap,skewness_24m,UNRATE,RSI_48m,UMCSENT,ROC_12m,price_oscillator,MACD_3m,CPIAUCSL,ROC_48m,momentum_diff_ADX_3m_6m
XLP,2023-02-01 00:00:00,causal,skewness_3m,bollinger_low_3,kurtosis_12m,ADX_3m,MACD_3m,ADX_6m,bollinger_low_24,momentum_diff_RSI_6m_12m,price_oscillator,ROC_12m
XLP,2023-02-01 00:00:00,shap,ADX_3m,bollinger_low_3,MACD_3m,open,price_oscillator,bollinger_low_24,kurtosis_24m,bollinger_low_12,ROC_6m,volume
XLP,2023-02-01 00:00:00,estatico,price_oscillator,MACD_3m,obv,skewness_6m,volume,skewness_3m,bollinger_high_6,CPIAUCSL,MACD_48m,kurtosis_6m
XLY,2023-02-01 00:00:00,causal,bollinger_high_6,bollinger_low_6,UMCSENT,ADX_3m,ROC_12m,bollinger_high_3,price_oscillator,bollinger_high_12,ROC_24m,UNRATE
XLV,2023-02-01 00:00:00,estatico,price_oscillator,MACD_3m,obv,skewness_6m,volume,skewness_3m,bollinger_high_6,CPIAUCSL,MACD_48m,kurtosis_6m
XLY,2023-02-01 00:00:00,estatico,price_oscillator,MACD_3m,obv,skewness_6m,volume,skewness_3m,bollinger_high_6,CPIAUCSL,MACD_48m,kurtosis_6m
XLF,2023-02-01 00:00:00,selectkbest,MACD_3m,MACD_6m,MACD_12m,ADX_12m,RSI_24m,MACD_24m,ADX_24m,MACD_48m,bollinger_high_3,bollinger_high_12
XLV,2023-02-01 00:00:00,shap,bollinger_high_3,PPO_3m,kurtosis_6m,skewness_48m,UMCSENT,momentum_diff_ROC_12m_24m,price_oscillator,skewness_24m,skewness_3m,momentum_diff_RSI_3m_6m
XLY,2023-02-01 00:00:00,selectkbest,MACD_3m,MACD_6m,MACD_12m,ROC_12m,MACD_24m,RSI_48m,MACD_48m,momentum_diff_RSI_24m_48m,momentum_diff_ROC_24m_48m,bollinger_high_12
XLP,2023-02-01 00:00:00,selectkbest,skewness_3m,kurtosis_24m,MACD_3m,ADX_3m,MACD_6m,MACD_12m,MACD_24m,MACD_48m,momentum_diff_ADX_3m_6m,bollinger_low_3
XLV,2023-02-01 00:00:00,causal,bollinger_high_3,PPO_3m,kurtosis_6m,skewness_3m,bollinger_low_6,momentum_diff_RSI_3m_6m,skewness_48m,skewness_24m,momentum_diff_ROC_12m_24m,BOPGSTB
XLU,2023-02-01 00:00:00,shap,skewness_3m,MACD_3m,momentum_diff_RSI_3m_6m,momentum_diff_ADX_12m_24m,momentum_diff_RSI_12m_24m,RSI_48m,price_oscillator,bollinger_high_6,momentum_diff_RSI_24m_48m,bollinger_high_48
IYR,2023-02-01 00:00:00,shap,momentum_diff_ROC_12m_24m,volume,obv,bollinger_low_3,BOPGSTB,kurtosis_6m,ROC_48m,momentum_diff_ADX_12m_24m,MACD_3m,bollinger_high_24
IYR,2023-02-01 00:00:00,causal,CPIAUCSL,momentum_diff_ROC_12m_24m,obv,volume,RSI_24m,skewness_3m,price_oscillator,bollinger_low_6,ROC_6m,low
XLV,2023-02-01 00:00:00,selectkbest,MACD_3m,MACD_6m,MACD_12m,MACD_24m,ROC_24m,RSI_48m,MACD_48m,momentum_diff_ROC_12m_24m,momentum_diff_RSI_24m_48m,bollinger_high_3
XLU,2023-02-01 00:00:00,causal,bollinger_high_6,skewness_3m,price_oscillator,momentum_diff_ROC_3m_6m,volume,ROC_12m,ADX_3m,momentum_diff_ADX_12m_24m,UMCSENT,MACD_3m
XLU,2023-02-01 00:00:00,estatico,price_oscillator,MACD_3m,obv,skewness_6m,volume,skewness_3m,bollinger_high_6,CPIAUCSL,MACD_48m,kurtosis_6m
IYR,2023-02-01 00:00:00,estatico,price_oscillator,MACD_3m,obv,skewness_6m,volume,skewness_3m,bollinger_high_6,CPIAUCSL,MACD_48m,kurtosis_6m
XLU,2023-02-01 00:00:00,selectkbest,skewness_3m,MACD_3m,MACD_6m,MACD_12m,MACD_24m,RSI_48m,MACD_48m,momentum_diff_ROC_3m_6m,momentum_diff_RSI_24m_48m,bollinger_high_6
IYR,2023-02-01 00:00:00,selectkbest,skewness_6m,kurtosis_6m,MACD_6m,MACD_12m,ROC_12m,RSI_24m,MACD_24m,momentum_diff_ROC_6m_12m,momentum_diff_ROC_12m_24m,price_oscillator
SPY,2023-02-01 00:00:00,causal,bollinger_high_12,RSI_12m,skewness_48m,price_oscillator,bollinger_low_6,momentum_diff_ROC_3m_6m,volume,kurtosis_24m,ADX_48m,momentum_diff_ROC_6m_12m
SPY,2023-02-01 00:00:00,estatico,price_oscillator,MACD_3m,obv,skewness_6m,volume,skewness_3m,bollinger_high_6,CPIAUCSL,MACD_48m,kurtosis_6m
VOX,2023-02-01 00:00:00,shap,skewness_6m,ADX_12m,momentum_diff_ADX_3m_6m,momentum_diff_ROC_24m_48m,kurtosis_12m,ADX_24m,volume,skewness_3m,adl,bollinger_high_3
VOX,2023-02-01 00:00:00,estatico,price_oscillator,MACD_3m,obv,skewness_6m,volume,skewness_3m,bollinger_high_6,CPIAUCSL,MACD_48m,kurtosis_6m
VOX,2023-02-01 00:00:00,causal,skewness_6m,bollinger_high_12,MACD_3m,high,skewness_3m,momentum_diff_RSI_12m_24m,momentum_diff_ADX_3m_6m,UMCSENT,momentum_diff_ROC_6m_12m,momentum_diff_RSI_6m_12m
SPY,2023-02-01 00:00:00,shap,bollinger_high_12,skewness_48m,RSI_12m,ADX_48m,bollinger_high_6,kurtosis_6m,price_oscillator,momentum_diff_RSI_24m_48m,CPIAUCSL,MACD_3m
VOX,2023-02-01 00:00:00,selectkbest,skewness_3m,skewness_6m,ADX_12m,ADX_24m,ADX_48m,momentum_diff_RSI_3m_6m,momentum_diff_RSI_6m_12m,bollinger_high_12,UNRATE,PPIACO
SPY,2023-02-01 00:00:00,selectkbest,MACD_3m,MACD_6m,ROC_6m,MACD_12m,MACD_24m,RSI_48m,MACD_48m,momentum_diff_ROC_6m_12m,momentum_diff_RSI_24m_48m,bollinger_high_12
XLB,2023-03-01 00:00:00,shap,skewness_6m,RSI_3m,ROC_48m,ADX_3m,MACD_3m,bollinger_low_6,obv,ROC_24m,momentum_diff_ADX_6m_12m,open
XLI,2023-03-01 00:00:00,shap,bollinger_high_12,skewness_24m,skewness_48m,skewness_12m,price_oscillator,kurtosis_6m,MACD_3m,kurtosis_12m,momentum_diff_ROC_24m_48m,bollinger_low_3
XLI,2023-03-01 00:00:00,causal,skewness_6m,bollinger_low_6,bollinger_high_6,bollinger_low_12,UMCSENT,bollinger_low_3,kurtosis_6m,bollinger_high_12,CPIAUCSL,kurtosis_12m
XLB,2023-03-01 00:00:00,estatico,price_oscillator,MACD_3m,obv,skewness_6m,volume,skewness_3m,bollinger_high_6,CPIAUCSL,MACD_48m,kurtosis_6m
XLE,2023-03-01 00:00:00,shap,kurtosis_12m,volume,skewness_6m,price_oscillator,BOPGSTB,low,bollinger_high_3,kurtosis_24m,skewness_12m,open
XLI,2023-03-01 00:00:00,estatico,price_oscillator,MACD_3m,obv,skewness_6m,volume,skewness_3m,bollinger_high_6,CPIAUCSL,MACD_48m,kurtosis_6m
XLE,2023-03-01 00:00:00,estatico,price_oscillator,MACD_3m,obv,skewness_6m,volume,skewness_3m,bollinger_high_6,CPIAUCSL,MACD_48m,kurtosis_6m
XLE,2023-03-01 00:00:00,causal,kurtosis_24m,obv,kurtosis_12m,GDP,volume,bollinger_low_6,ROC_48m,momentum_diff_ROC_12m_24m,ROC_6m,momentum_diff_RSI_6m_12m
XLE,2023-03-01 00:00:00,selectkbest,open,high,low,kurtosis_24m,kurtosis_48m,momentum_diff_ADX_24m_48m,bollinger_high_24,bollinger_low_24,bollinger_high_48,bollinger_low_48
XLK,2023-03-01 00:00:00,causal,momentum_diff_ROC_12m_24m,bollinger_high_6,UMCSENT,bollinger_low_3,obv,price_oscillator,momentum_diff_ROC_3m_6m,momentum_diff_ADX_12m_24m,skewness_6m,bollinger_low_12
XLB,2023-03-01 00:00:00,causal,ROC_48m,skewness_6m,bollinger_low_6,ADX_6m,obv,volume,skewness_3m,bollinger_low_24,RSI_6m,PPO_3m
XLB,2023-03-01 00:00:00,selectkbest,MACD_3m,PPO_3m,MACD_6m,PPO_6m,MACD_12m,PPO_12m,MACD_24m,PPO_24m,PPO_48m,bollinger_low_24
XLK,2023-03-01 00:00:00,shap,bollinger_high_48,skewness_3m,skewness_6m,price_oscillator,momentum_diff_ROC_12m_24m,bollinger_low_12,momentum_diff_ADX_12m_24m,UNRATE,MACD_3m,bollinger_low_6
XLI,2023-03-01 00:00:00,selectkbest,skewness_6m,kurtosis_6m,MACD_6m,MACD_12m,MACD_24m,MACD_48m,ROC_48m,momentum_diff_ROC_24m_48m,bollinger_high_12,bollinger_low_24
XLK,2023-03-01 00:00:00,estatico,price_oscillator,MACD_3m,obv,skewness_6m,volume,skewness_3m,bollinger_high_6,CPIAUCSL,MACD_48m,kurtosis_6m
XLK,2023-03-01 00:00:00,selectkbest,skewness_6m,MACD_3m,MACD_6m,MACD_12m,ROC_12m,MACD_24m,RSI_48m,MACD_48m,momentum_diff_RSI_24m_48m,adl
XLF,2023-03-01 00:00:00,causal,CPIAUCSL,price_oscillator,skewness_3m,ADX_6m,ROC_6m,UMCSENT,momentum_diff_ROC_3m_6m,BOPGSTB,ADX_24m,adl
XLP,2023-03-01 00:00:00,causal,bollinger_low_3,skewness_3m,kurtosis_12m,ADX_6m,bollinger_low_24,momentum_diff_RSI_6m_12m,ADX_3m,volume,momentum_diff_ROC_6m_12m,ROC_48m
XLF,2023-03-01 00:00:00,estatico,price_oscillator,MACD_3m,obv,skewness_6m,volume,skewness_3m,bollinger_high_6,CPIAUCSL,MACD_48m,kurtosis_6m
XLP,2023-03-01 00:00:00,estatico,price_oscillator,MACD_3m,obv,skewness_6m,volume,skewness_3m,bollinger_high_6,CPIAUCSL,MACD_48m,kurtosis_6m
XLF,2023-03-01 00:00:00,shap,CPIAUCSL,open,ADX_24m,skewness_3m,bollinger_high_24,volume,momentum_diff_ROC_3m_6m,bollinger_low_24,obv,ROC_12m
XLP,2023-03-01 00:00:00,shap,ADX_3m,bollinger_low_3,MACD_3m,open,bollinger_low_12,price_oscillator,ROC_6m,bollinger_low_24,ADX_48m,skewness_3m
XLF,2023-03-01 00:00:00,selectkbest,MACD_3m,MACD_6m,MACD_12m,ADX_12m,RSI_24m,MACD_24m,ADX_24m,MACD_48m,bollinger_high_3,bollinger_high_12
XLP,2023-03-01 00:00:00,selectkbest,skewness_3m,kurtosis_24m,MACD_3m,ADX_3m,MACD_6m,MACD_12m,MACD_24m,MACD_48m,momentum_diff_ADX_3m_6m,bollinger_low_3
XLY,2023-03-01 00:00:00,causal,bollinger_high_6,CPIAUCSL,bollinger_low_3,UNRATE,ROC_12m,UMCSENT,bollinger_high_12,ADX_3m,price_oscillator,bollinger_high_3
XLY,2023-03-01 00:00:00,shap,skewness_24m,UNRATE,RSI_48m,bollinger_high_3,UMCSENT,ROC_12m,kurtosis_6m,MACD_3m,bollinger_low_3,CPIAUCSL
XLV,2023-03-01 00:00:00,causal,bollinger_high_3,PPO_3m,momentum_diff_ROC_12m_24m,kurtosis_6m,bollinger_low_6,bollinger_high_6,momentum_diff_RSI_3m_6m,volume,skewness_24m,BOPGSTB
XLY,2023-03-01 00:00:00,estatico,price_oscillator,MACD_3m,obv,skewness_6m,volume,skewness_3m,bollinger_high_6,CPIAUCSL,MACD_48m,kurtosis_6m
XLV,2023-03-01 00:00:00,shap,bollinger_high_3,PPO_3m,momentum_diff_ROC_12m_24m,CPIAUCSL,momentum_diff_ADX_3m_6m,UMCSENT,skewness_3m,ADX_48m,low,skewness_48m
XLY,2023-03-01 00:00:00,selectkbest,MACD_3m,MACD_6m,MACD_12m,ROC_12m,MACD_24m,RSI_48m,MACD_48m,momentum_diff_RSI_6m_12m,momentum_diff_RSI_24m_48m,momentum_diff_ROC_24m_48m
XLU,2023-03-01 00:00:00,causal,skewness_3m,bollinger_high_6,ADX_3m,price_oscillator,ROC_12m,momentum_diff_ROC_3m_6m,MACD_3m,momentum_diff_RSI_6m_12m,momentum_diff_RSI_24m_48m,bollinger_high_12
XLV,2023-03-01 00:00:00,estatico,price_oscillator,MACD_3m,obv,skewness_6m,volume,skewness_3m,bollinger_high_6,CPIAUCSL,MACD_48m,kurtosis_6m
XLU,2023-03-01 00:00:00,shap,MACD_3m,price_oscillator,skewness_3m,momentum_diff_RSI_24m_48m,momentum_diff_RSI_3m_6m,momentum_diff_ADX_12m_24m,momentum_diff_ROC_3m_6m,bollinger_high_6,momentum_diff_RSI_12m_24m,CPIAUCSL
XLU,2023-03-01 00:00:00,estatico,price_oscillator,MACD_3m,obv,skewness_6m,volume,skewness_3m,bollinger_high_6,CPIAUCSL,MACD_48m,kurtosis_6m
IYR,2023-03-01 00:00:00,shap,momentum_diff_ROC_12m_24m,volume,bollinger_low_3,obv,BOPGSTB,momentum_diff_ADX_3m_6m,kurtosis_6m,ADX_24m,MACD_3m,bollinger_high_6
IYR,2023-03-01 00:00:00,causal,CPIAUCSL,obv,momentum_diff_ROC_12m_24m,volume,RSI_24m,bollinger_low_6,ROC_12m,skewness_3m,price_oscillator,bollinger_high_3
XLU,2023-03-01 00:00:00,selectkbest,skewness_3m,MACD_3m,MACD_6m,MACD_12m,MACD_24m,RSI_48m,MACD_48m,momentum_diff_ROC_3m_6m,momentum_diff_RSI_24m_48m,bollinger_high_6
XLV,2023-03-01 00:00:00,selectkbest,MACD_3m,MACD_6m,MACD_12m,MACD_24m,ROC_24m,RSI_48m,MACD_48m,momentum_diff_ROC_12m_24m,momentum_diff_RSI_24m_48m,bollinger_high_3
IYR,2023-03-01 00:00:00,estatico,price_oscillator,MACD_3m,obv,skewness_6m,volume,skewness_3m,bollinger_high_6,CPIAUCSL,MACD_48m,kurtosis_6m
VOX,2023-03-01 00:00:00,estatico,price_oscillator,MACD_3m,obv,skewness_6m,volume,skewness_3m,bollinger_high_6,CPIAUCSL,MACD_48m,kurtosis_6m
IYR,2023-03-01 00:00:00,selectkbest,skewness_6m,kurtosis_6m,MACD_12m,ROC_12m,RSI_24m,MACD_24m,MACD_48m,momentum_diff_ROC_6m_12m,momentum_diff_ROC_12m_24m,price_oscillator
VOX,2023-03-01 00:00:00,shap,skewness_6m,ADX_12m,skewness_3m,momentum_diff_ADX_3m_6m,momentum_diff_ROC_24m_48m,open,volume,obv,kurtosis_12m,momentum_diff_RSI_6m_12m
VOX,2023-03-01 00:00:00,causal,skewness_6m,skewness_3m,high,ADX_24m,kurtosis_12m,RSI_6m,ADX_12m,bollinger_high_12,momentum_diff_ADX_3m_6m,MACD_3m
VOX,2023-03-01 00:00:00,selectkbest,skewness_3m,skewness_6m,ADX_12m,ADX_24m,ADX_48m,momentum_diff_RSI_6m_12m,bollinger_high_12,UNRATE,BOPGSTB,PPIACO
SPY,2023-03-01 00:00:00,causal,bollinger_high_12,skewness_48m,price_oscillator,RSI_12m,momentum_diff_ROC_3m_6m,bollinger_low_6,kurtosis_24m,volume,ROC_6m,bollinger_high_6
SPY,2023-03-01 00:00:00,shap,bollinger_high_12,skewness_48m,RSI_12m,kurtosis_6m,ADX_48m,volume,price_oscillator,bollinger_high_6,momentum_diff_RSI_24m_48m,MACD_3m
SPY,2023-03-01 00:00:00,estatico,price_oscillator,MACD_3m,obv,skewness_6m,volume,skewness_3m,bollinger_high_6,CPIAUCSL,MACD_48m,kurtosis_6m
SPY,2023-03-01 00:00:00,selectkbest,MACD_3m,MACD_6m,ROC_6m,MACD_12m,MACD_24m,RSI_48m,MACD_48m,momentum_diff_ROC_3m_6m,momentum_diff_ROC_6m_12m,momentum_diff_RSI_24m_48m
XLB,2023-04-03 00:00:00,shap,bollinger_low_24,ROC_48m,ADX_3m,obv,RSI_3m,skewness_6m,ROC_24m,MACD_3m,momentum_diff_ROC_3m_6m,PPO_3m
XLE,2023-04-03 00:00:00,shap,ADX_12m,BOPGSTB,kurtosis_24m,skewness_6m,low,obv,momentum_diff_ROC_12m_24m,volume,ROC_3m,month
XLB,2023-04-03 00:00:00,estatico,price_oscillator,MACD_3m,obv,skewness_6m,volume,skewness_3m,bollinger_high_6,CPIAUCSL,MACD_48m,kurtosis_6m
XLI,2023-04-03 00:00:00,causal,bollinger_high_12,skewness_6m,momentum_diff_ROC_24m_48m,skewness_48m,bollinger_low_3,bollinger_low_6,CPIAUCSL,kurtosis_12m,price_oscillator,bollinger_high_6
XLI,2023-04-03 00:00:00,estatico,price_oscillator,MACD_3m,obv,skewness_6m,volume,skewness_3m,bollinger_high_6,CPIAUCSL,MACD_48m,kurtosis_6m
XLI,2023-04-03 00:00:00,shap,skewness_48m,bollinger_high_12,skewness_12m,RSI_12m,skewness_24m,kurtosis_12m,MACD_3m,momentum_diff_ROC_24m_48m,obv,kurtosis_6m
XLE,2023-04-03 00:00:00,causal,kurtosis_24m,obv,ROC_6m,kurtosis_12m,GDP,ROC_48m,momentum_diff_ROC_12m_24m,high,momentum_diff_RSI_6m_12m,bollinger_low_3
XLE,2023-04-03 00:00:00,estatico,price_oscillator,MACD_3m,obv,skewness_6m,volume,skewness_3m,bollinger_high_6,CPIAUCSL,MACD_48m,kurtosis_6m
XLB,2023-04-03 00:00:00,causal,skewness_6m,ROC_48m,bollinger_low_6,skewness_3m,bollinger_low_24,ADX_6m,PPO_3m,obv,volume,momentum_diff_ROC_3m_6m
XLI,2023-04-03 00:00:00,selectkbest,skewness_6m,kurtosis_6m,MACD_6m,MACD_12m,MACD_24m,MACD_48m,ROC_48m,momentum_diff_ROC_24m_48m,bollinger_high_12,bollinger_low_24
XLB,2023-04-03 00:00:00,selectkbest,PPO_3m,MACD_6m,PPO_6m,MACD_12m,PPO_12m,MACD_24m,PPO_24m,MACD_48m,PPO_48m,bollinger_low_24
XLK,2023-04-03 00:00:00,causal,UMCSENT,momentum_diff_ROC_12m_24m,bollinger_high_6,bollinger_low_3,obv,bollinger_low_6,price_oscillator,bollinger_low_12,momentum_diff_ADX_12m_24m,momentum_diff_ROC_3m_6m
XLK,2023-04-03 00:00:00,shap,momentum_diff_ADX_12m_24m,momentum_diff_ROC_12m_24m,bollinger_high_6,price_oscillator,bollinger_low_12,bollinger_high_12,skewness_6m,UMCSENT,skewness_12m,skewness_3m
XLK,2023-04-03 00:00:00,estatico,price_oscillator,MACD_3m,obv,skewness_6m,volume,skewness_3m,bollinger_high_6,CPIAUCSL,MACD_48m,kurtosis_6m
XLE,2023-04-03 00:00:00,selectkbest,open,high,low,kurtosis_24m,kurtosis_48m,momentum_diff_ADX_24m_48m,bollinger_high_24,bollinger_low_24,bollinger_high_48,bollinger_low_48
XLF,2023-04-03 00:00:00,shap,CPIAUCSL,price_oscillator,ADX_6m,open,ADX_24m,high,week_of_year,bollinger_high_12,skewness_3m,momentum_diff_ROC_3m_6m
XLF,2023-04-03 00:00:00,estatico,price_oscillator,MACD_3m,obv,skewness_6m,volume,skewness_3m,bollinger_high_6,CPIAUCSL,MACD_48m,kurtosis_6m
XLK,2023-04-03 00:00:00,selectkbest,skewness_6m,MACD_3m,MACD_6m,MACD_12m,ROC_12m,MACD_24m,RSI_48m,MACD_48m,momentum_diff_RSI_24m_48m,momentum_diff_ADX_24m_48m
XLP,2023-04-03 00:00:00,causal,bollinger_low_3,skewness_3m,kurtosis_12m,ADX_6m,MACD_3m,ADX_3m,bollinger_low_24,momentum_diff_ROC_6m_12m,RSI_6m,bollinger_high_6
XLF,2023-04-03 00:00:00,causal,CPIAUCSL,price_oscillator,bollinger_high_3,UMCSENT,momentum_diff_ROC_3m_6m,bollinger_low_6,ADX_6m,BOPGSTB,ADX_24m,skewness_3m
XLP,2023-04-03 00:00:00,shap,MACD_3m,ADX_3m,bollinger_low_3,bollinger_low_12,momentum_diff_ROC_6m_12m,ROC_3m,bollinger_low_24,kurtosis_24m,kurtosis_12m,open
XLY,2023-04-03 00:00:00,causal,UNRATE,bollinger_high_3,ROC_12m,UMCSENT,bollinger_high_6,ADX_3m,bollinger_low_6,ROC_24m,ADX_6m,bollinger_low_3
XLY,2023-04-03 00:00:00,shap,UMCSENT,bollinger_high_12,MACD_3m,skewness_6m,skewness_24m,price_oscillator,momentum_diff_ADX_3m_6m,kurtosis_6m,RSI_3m,RSI_48m
XLP,2023-04-03 00:00:00,estatico,price_oscillator,MACD_3m,obv,skewness_6m,volume,skewness_3m,bollinger_high_6,CPIAUCSL,MACD_48m,kurtosis_6m
XLV,2023-04-03 00:00:00,shap,bollinger_high_3,PPO_3m,momentum_diff_ROC_12m_24m,ROC_24m,momentum_diff_ADX_3m_6m,CPIAUCSL,skewness_3m,ADX_48m,skewness_48m,price_oscillator
XLF,2023-04-03 00:00:00,selectkbest,MACD_3m,MACD_6m,MACD_12m,ADX_12m,RSI_24m,MACD_24m,ADX_24m,bollinger_high_3,bollinger_high_12,price_oscillator
XLP,2023-04-03 00:00:00,selectkbest,skewness_3m,kurtosis_24m,MACD_3m,ADX_3m,MACD_6m,MACD_12m,MACD_24m,MACD_48m,momentum_diff_ADX_3m_6m,bollinger_low_3
XLY,2023-04-03 00:00:00,estatico,price_oscillator,MACD_3m,obv,skewness_6m,volume,skewness_3m,bollinger_high_6,CPIAUCSL,MACD_48m,kurtosis_6m
XLV,2023-04-03 00:00:00,causal,bollinger_high_3,PPO_3m,ADX_48m,kurtosis_6m,momentum_diff_ROC_12m_24m,skewness_48m,volume,ROC_24m,skewness_24m,momentum_diff_ADX_6m_12m
XLY,2023-04-03 00:00:00,selectkbest,MACD_3m,MACD_6m,MACD_12m,ROC_12m,MACD_24m,RSI_48m,MACD_48m,momentum_diff_RSI_6m_12m,momentum_diff_RSI_24m_48m,momentum_diff_ROC_24m_48m
XLV,2023-04-03 00:00:00,estatico,price_oscillator,MACD_3m,obv,skewness_6m,volume,skewness_3m,bollinger_high_6,CPIAUCSL,MACD_48m,kurtosis_6m
XLU,2023-04-03 00:00:00,shap,MACD_3m,price_oscillator,skewness_3m,momentum_diff_RSI_24m_48m,momentum_diff_RSI_3m_6m,momentum_diff_ADX_12m_24m,CPIAUCSL,bollinger_high_6,volume,BOPGSTB
XLU,2023-04-03 00:00:00,causal,bollinger_high_6,price_oscillator,skewness_3m,momentum_diff_ADX_12m_24m,ROC_12m,volume,momentum_diff_ROC_3m_6m,MACD_3m,momentum_diff_ADX_6m_12m,ROC_6m
XLV,2023-04-03 00:00:00,selectkbest,MACD_3m,MACD_6m,MACD_12m,MACD_24m,ROC_24m,RSI_48m,MACD_48m,momentum_diff_ROC_12m_24m,momentum_diff_RSI_24m_48m,bollinger_high_3
IYR,2023-04-03 00:00:00,causal,obv,CPIAUCSL,momentum_diff_ROC_12m_24m,volume,RSI_24m,skewness_3m,price_oscillator,bollinger_low_6,ROC_12m,low
XLU,2023-04-03 00:00:00,estatico,price_oscillator,MACD_3m,obv,skewness_6m,volume,skewness_3m,bollinger_high_6,CPIAUCSL,MACD_48m,kurtosis_6m
IYR,2023-04-03 00:00:00,shap,volume,momentum_diff_ROC_12m_24m,bollinger_low_3,MACD_3m,ROC_48m,skewness_6m,kurtosis_6m,kurtosis_24m,ADX_24m,UNRATE
XLU,2023-04-03 00:00:00,selectkbest,skewness_3m,MACD_3m,MACD_6m,MACD_12m,MACD_24m,RSI_48m,MACD_48m,momentum_diff_ROC_3m_6m,momentum_diff_RSI_24m_48m,bollinger_high_6
IYR,2023-04-03 00:00:00,estatico,price_oscillator,MACD_3m,obv,skewness_6m,volume,skewness_3m,bollinger_high_6,CPIAUCSL,MACD_48m,kurtosis_6m
VOX,2023-04-03 00:00:00,estatico,price_oscillator,MACD_3m,obv,skewness_6m,volume,skewness_3m,bollinger_high_6,CPIAUCSL,MACD_48m,kurtosis_6m
VOX,2023-04-03 00:00:00,causal,skewness_6m,momentum_diff_ADX_3m_6m,MACD_3m,high,bollinger_high_12,ADX_24m,skewness_3m,UMCSENT,kurtosis_12m,momentum_diff_RSI_6m_12m
SPY,2023-04-03 00:00:00,shap,bollinger_high_12,skewness_48m,ADX_48m,kurtosis_6m,price_oscillator,momentum_diff_RSI_24m_48m,RSI_12m,bollinger_high_6,volume,MACD_3m
VOX,2023-04-03 00:00:00,shap,skewness_6m,ADX_12m,momentum_diff_ADX_3m_6m,momentum_diff_ROC_24m_48m,skewness_3m,obv,ADX_24m,kurtosis_6m,kurtosis_12m,momentum_diff_RSI_3m_6m
IYR,2023-04-03 00:00:00,selectkbest,skewness_6m,kurtosis_6m,ROC_12m,RSI_24m,MACD_24m,MACD_48m,momentum_diff_ROC_6m_12m,momentum_diff_ROC_12m_24m,price_oscillator,adl
SPY,2023-04-03 00:00:00,causal,bollinger_high_12,price_oscillator,skewness_48m,RSI_12m,momentum_diff_ROC_3m_6m,bollinger_low_6,ADX_48m,volume,kurtosis_24m,skewness_3m
VOX,2023-04-03 00:00:00,selectkbest,skewness_3m,skewness_6m,ADX_12m,ADX_24m,RSI_48m,ADX_48m,momentum_diff_RSI_3m_6m,momentum_diff_RSI_6m_12m,bollinger_high_12,UNRATE
SPY,2023-04-03 00:00:00,estatico,price_oscillator,MACD_3m,obv,skewness_6m,volume,skewness_3m,bollinger_high_6,CPIAUCSL,MACD_48m,kurtosis_6m
SPY,2023-04-03 00:00:00,selectkbest,MACD_3m,MACD_6m,ROC_6m,MACD_12m,MACD_24m,RSI_48m,MACD_48m,momentum_diff_ROC_6m_12m,momentum_diff_RSI_24m_48m,bollinger_high_12
XLE,2023-05-01 00:00:00,estatico,price_oscillator,MACD_3m,obv,skewness_6m,volume,skewness_3m,bollinger_high_6,CPIAUCSL,MACD_48m,kurtosis_6m
XLB,2023-05-01 00:00:00,shap,bollinger_low_24,ROC_48m,skewness_6m,RSI_3m,volume,ADX_3m,MACD_3m,momentum_diff_ROC_3m_6m,obv,momentum_diff_ADX_6m_12m
XLB,2023-05-01 00:00:00,estatico,price_oscillator,MACD_3m,obv,skewness_6m,volume,skewness_3m,bollinger_high_6,CPIAUCSL,MACD_48m,kurtosis_6m
XLE,2023-05-01 00:00:00,shap,price_oscillator,BOPGSTB,ADX_12m,obv,high,bollinger_high_3,kurtosis_24m,UMCSENT,volume,low
XLB,2023-05-01 00:00:00,causal,skewness_6m,ROC_48m,bollinger_low_6,volume,skewness_3m,bollinger_low_24,obv,RSI_6m,momentum_diff_ROC_3m_6m,ADX_3m
XLE,2023-05-01 00:00:00,causal,kurtosis_24m,obv,bollinger_low_3,ROC_48m,GDP,kurtosis_12m,momentum_diff_ROC_12m_24m,ROC_6m,momentum_diff_RSI_6m_12m,volume
XLE,2023-05-01 00:00:00,selectkbest,open,high,low,kurtosis_24m,kurtosis_48m,momentum_diff_ADX_24m_48m,bollinger_high_24,bollinger_low_24,bollinger_high_48,bollinger_low_48
XLI,2023-05-01 00:00:00,shap,bollinger_high_12,skewness_48m,skewness_12m,MACD_3m,momentum_diff_ROC_24m_48m,price_oscillator,volume,skewness_24m,kurtosis_6m,kurtosis_12m
XLI,2023-05-01 00:00:00,selectkbest,skewness_6m,kurtosis_6m,MACD_3m,MACD_6m,MACD_12m,MACD_24m,ROC_48m,momentum_diff_ROC_24m_48m,bollinger_high_12,bollinger_low_24
XLI,2023-05-01 00:00:00,estatico,price_oscillator,MACD_3m,obv,skewness_6m,volume,skewness_3m,bollinger_high_6,CPIAUCSL,MACD_48m,kurtosis_6m
XLI,2023-05-01 00:00:00,causal,skewness_6m,bollinger_high_12,skewness_48m,momentum_diff_ROC_24m_48m,bollinger_low_6,bollinger_low_3,CPIAUCSL,price_oscillator,kurtosis_12m,bollinger_low_24
XLK,2023-05-01 00:00:00,estatico,price_oscillator,MACD_3m,obv,skewness_6m,volume,skewness_3m,bollinger_high_6,CPIAUCSL,MACD_48m,kurtosis_6m
XLK,2023-05-01 00:00:00,causal,momentum_diff_ROC_12m_24m,UMCSENT,bollinger_high_6,bollinger_high_12,price_oscillator,bollinger_low_3,bollinger_low_6,obv,skewness_6m,momentum_diff_ROC_3m_6m
XLK,2023-05-01 00:00:00,shap,momentum_diff_ROC_12m_24m,bollinger_high_6,momentum_diff_ADX_12m_24m,bollinger_low_12,UNRATE,skewness_6m,obv,bollinger_high_12,skewness_3m,volume
XLK,2023-05-01 00:00:00,selectkbest,skewness_6m,kurtosis_12m,MACD_3m,MACD_6m,MACD_12m,ROC_12m,MACD_24m,RSI_48m,MACD_48m,momentum_diff_RSI_24m_48m
XLB,2023-05-01 00:00:00,selectkbest,MACD_3m,PPO_3m,MACD_6m,PPO_6m,MACD_12m,PPO_12m,MACD_24m,PPO_24m,PPO_48m,bollinger_low_24
XLF,2023-05-01 00:00:00,shap,CPIAUCSL,ADX_24m,ADX_48m,open,price_oscillator,skewness_3m,bollinger_low_24,momentum_diff_ROC_3m_6m,ADX_6m,volume
XLF,2023-05-01 00:00:00,causal,CPIAUCSL,price_oscillator,bollinger_high_3,bollinger_low_24,momentum_diff_ROC_3m_6m,bollinger_low_6,ADX_6m,kurtosis_6m,kurtosis_12m,BOPGSTB
XLP,2023-05-01 00:00:00,shap,MACD_3m,ADX_3m,bollinger_low_3,bollinger_low_24,momentum_diff_ADX_6m_12m,bollinger_low_12,ROC_6m,price_oscillator,skewness_12m,skewness_3m
XLY,2023-05-01 00:00:00,shap,UMCSENT,RSI_48m,bollinger_high_12,obv,skewness_24m,RSI_3m,skewness_6m,price_oscillator,ROC_12m,UNRATE
XLF,2023-05-01 00:00:00,estatico,price_oscillator,MACD_3m,obv,skewness_6m,volume,skewness_3m,bollinger_high_6,CPIAUCSL,MACD_48m,kurtosis_6m
XLP,2023-05-01 00:00:00,causal,bollinger_low_3,skewness_3m,kurtosis_12m,ADX_3m,MACD_3m,ADX_6m,volume,ROC_48m,bollinger_low_24,ROC_12m
XLP,2023-05-01 00:00:00,estatico,price_oscillator,MACD_3m,obv,skewness_6m,volume,skewness_3m,bollinger_high_6,CPIAUCSL,MACD_48m,kurtosis_6m
XLY,2023-05-01 00:00:00,causal,UNRATE,bollinger_high_6,ADX_3m,ADX_6m,ROC_24m,ROC_12m,bollinger_high_3,CPIAUCSL,bollinger_low_6,price_oscillator
XLV,2023-05-01 00:00:00,estatico,price_oscillator,MACD_3m,obv,skewness_6m,volume,skewness_3m,bollinger_high_6,CPIAUCSL,MACD_48m,kurtosis_6m
XLF,2023-05-01 00:00:00,selectkbest,MACD_6m,MACD_12m,ADX_12m,RSI_24m,MACD_24m,ADX_24m,MACD_48m,bollinger_high_3,bollinger_high_12,price_oscillator
XLY,2023-05-01 00:00:00,estatico,price_oscillator,MACD_3m,obv,skewness_6m,volume,skewness_3m,bollinger_high_6,CPIAUCSL,MACD_48m,kurtosis_6m
XLV,2023-05-01 00:00:00,shap,bollinger_high_3,PPO_3m,momentum_diff_ROC_12m_24m,CPIAUCSL,momentum_diff_ADX_3m_6m,ADX_48m,low,skewness_3m,ROC_24m,UMCSENT
XLV,2023-05-01 00:00:00,causal,bollinger_high_3,PPO_3m,momentum_diff_ROC_12m_24m,bollinger_low_6,kurtosis_6m,skewness_24m,ADX_48m,bollinger_high_6,momentum_diff_RSI_3m_6m,ROC_24m
XLP,2023-05-01 00:00:00,selectkbest,skewness_3m,MACD_3m,ADX_3m,MACD_6m,MACD_12m,MACD_24m,MACD_48m,momentum_diff_ADX_3m_6m,bollinger_low_3,bollinger_low_12
XLY,2023-05-01 00:00:00,selectkbest,MACD_3m,MACD_6m,MACD_12m,ROC_12m,MACD_24m,RSI_48m,MACD_48m,momentum_diff_RSI_6m_12m,momentum_diff_RSI_24m_48m,momentum_diff_ROC_24m_48m
XLU,2023-05-01 00:00:00,causal,bollinger_high_6,price_oscillator,skewness_3m,momentum_diff_ROC_3m_6m,ROC_12m,ADX_3m,momentum_diff_ADX_6m_12m,volume,momentum_diff_RSI_24m_48m,MACD_3m
XLV,2023-05-01 00:00:00,selectkbest,MACD_3m,MACD_6m,MACD_12m,MACD_24m,ROC_24m,RSI_48m,MACD_48m,momentum_diff_ROC_12m_24m,momentum_diff_RSI_24m_48m,bollinger_high_3
XLU,2023-05-01 00:00:00,shap,price_oscillator,MACD_3m,skewness_3m,momentum_diff_RSI_24m_48m,bollinger_high_6,momentum_diff_RSI_3m_6m,momentum_diff_RSI_12m_24m,momentum_diff_ADX_12m_24m,bollinger_high_48,RSI_48m
IYR,2023-05-01 00:00:00,shap,momentum_diff_ROC_12m_24m,bollinger_low_3,volume,kurtosis_6m,obv,bollinger_high_24,RSI_24m,ROC_48m,BOPGSTB,momentum_diff_ADX_12m_24m
IYR,2023-05-01 00:00:00,causal,CPIAUCSL,momentum_diff_ROC_12m_24m,obv,volume,RSI_24m,skewness_3m,low,ROC_12m,price_oscillator,bollinger_high_3
VOX,2023-05-01 00:00:00,causal,skewness_6m,skewness_3m,momentum_diff_ADX_3m_6m,bollinger_high_12,high,ADX_24m,ADX_12m,MACD_3m,UMCSENT,ROC_12m
XLU,2023-05-01 00:00:00,estatico,price_oscillator,MACD_3m,obv,skewness_6m,volume,skewness_3m,bollinger_high_6,CPIAUCSL,MACD_48m,kurtosis_6m
VOX,2023-05-01 00:00:00,estatico,price_oscillator,MACD_3m,obv,skewness_6m,volume,skewness_3m,bollinger_high_6,CPIAUCSL,MACD_48m,kurtosis_6m
IYR,2023-05-01 00:00:00,selectkbest,skewness_6m,kurtosis_6m,ROC_12m,RSI_24m,MACD_24m,MACD_48m,momentum_diff_ROC_6m_12m,momentum_diff_ROC_12m_24m,price_oscillator,adl
IYR,2023-05-01 00:00:00,estatico,price_oscillator,MACD_3m,obv,skewness_6m,volume,skewness_3m,bollinger_high_6,CPIAUCSL,MACD_48m,kurtosis_6m
VOX,2023-05-01 00:00:00,shap,skewness_6m,ADX_12m,skewness_3m,ADX_24m,momentum_diff_ROC_24m_48m,momentum_diff_RSI_3m_6m,obv,kurtosis_12m,price_oscillator,momentum_diff_ADX_3m_6m
XLU,2023-05-01 00:00:00,selectkbest,skewness_3m,MACD_3m,MACD_6m,MACD_12m,MACD_24m,RSI_48m,MACD_48m,momentum_diff_ROC_3m_6m,momentum_diff_RSI_24m_48m,bollinger_high_6
SPY,2023-05-01 00:00:00,shap,bollinger_high_12,skewness_48m,ADX_48m,momentum_diff_RSI_24m_48m,price_oscillator,kurtosis_6m,RSI_12m,volume,CPIAUCSL,MACD_3m
SPY,2023-05-01 00:00:00,causal,bollinger_high_12,price_oscillator,RSI_12m,bollinger_low_6,skewness_48m,momentum_diff_ROC_3m_6m,volume,skewness_3m,ROC_24m,kurtosis_24m
SPY,2023-05-01 00:00:00,estatico,price_oscillator,MACD_3m,obv,skewness_6m,volume,skewness_3m,bollinger_high_6,CPIAUCSL,MACD_48m,kurtosis_6m
VOX,2023-05-01 00:00:00,selectkbest,skewness_3m,skewness_6m,ADX_12m,ADX_24m,RSI_48m,ADX_48m,momentum_diff_RSI_3m_6m,momentum_diff_RSI_6m_12m,bollinger_high_12,UNRATE
SPY,2023-05-01 00:00:00,selectkbest,MACD_3m,MACD_6m,ROC_6m,MACD_12m,MACD_24m,RSI_48m,MACD_48m,momentum_diff_ROC_6m_12m,momentum_diff_RSI_24m_48m,bollinger_high_12
XLI,2023-06-01 00:00:00,causal,bollinger_high_12,skewness_48m,bollinger_low_6,skewness_6m,kurtosis_12m,momentum_diff_RSI_6m_12m,UMCSENT,price_oscillator,bollinger_low_3,skewness_12m
XLB,2023-06-01 00:00:00,estatico,price_oscillator,MACD_3m,obv,skewness_6m,volume,skewness_3m,bollinger_high_6,CPIAUCSL,MACD_48m,kurtosis_6m
XLE,2023-06-01 00:00:00,estatico,price_oscillator,MACD_3m,obv,skewness_6m,volume,skewness_3m,bollinger_high_6,CPIAUCSL,MACD_48m,kurtosis_6m
XLB,2023-06-01 00:00:00,shap,ROC_48m,RSI_3m,ADX_3m,MACD_3m,momentum_diff_ADX_6m_12m,skewness_6m,bollinger_low_24,momentum_diff_ROC_3m_6m,RSI_6m,ROC_24m
XLE,2023-06-01 00:00:00,shap,kurtosis_12m,open,kurtosis_6m,high,kurtosis_24m,month,skewness_6m,price_oscillator,ROC_3m,RSI_6m
XLK,2023-06-01 00:00:00,shap,bollinger_high_6,skewness_3m,momentum_diff_ROC_12m_24m,bollinger_low_12,UNRATE,MACD_3m,momentum_diff_ADX_12m_24m,UMCSENT,price_oscillator,volume
XLE,2023-06-01 00:00:00,causal,kurtosis_24m,kurtosis_12m,ROC_6m,bollinger_low_6,obv,volume,momentum_diff_ROC_12m_24m,ROC_48m,kurtosis_6m,GDP
XLI,2023-06-01 00:00:00,shap,RSI_3m,skewness_24m,bollinger_high_6,bollinger_high_12,momentum_diff_ROC_24m_48m,skewness_6m,RSI_12m,MACD_3m,UNRATE,price_oscillator
XLK,2023-06-01 00:00:00,causal,bollinger_high_6,momentum_diff_ROC_12m_24m,UMCSENT,skewness_3m,obv,momentum_diff_ROC_3m_6m,bollinger_low_6,bollinger_low_3,bollinger_high_12,momentum_diff_ADX_12m_24m
XLB,2023-06-01 00:00:00,selectkbest,PPO_3m,PPO_6m,MACD_12m,PPO_12m,MACD_24m,PPO_24m,MACD_48m,PPO_48m,ROC_48m,bollinger_low_24
XLB,2023-06-01 00:00:00,causal,ROC_48m,bollinger_low_6,skewness_6m,obv,skewness_24m,RSI_6m,bollinger_low_24,PPO_3m,volume,ADX_6m
XLI,2023-06-01 00:00:00,estatico,price_oscillator,MACD_3m,obv,skewness_6m,volume,skewness_3m,bollinger_high_6,CPIAUCSL,MACD_48m,kurtosis_6m
XLK,2023-06-01 00:00:00,estatico,price_oscillator,MACD_3m,obv,skewness_6m,volume,skewness_3m,bollinger_high_6,CPIAUCSL,MACD_48m,kurtosis_6m
XLI,2023-06-01 00:00:00,selectkbest,skewness_6m,kurtosis_6m,MACD_6m,MACD_12m,MACD_24m,MACD_48m,ROC_48m,momentum_diff_ROC_24m_48m,bollinger_high_12,bollinger_low_24
XLE,2023-06-01 00:00:00,selectkbest,open,high,low,kurtosis_24m,kurtosis_48m,bollinger_high_24,bollinger_low_24,bollinger_high_48,bollinger_low_48,FEDFUNDS
XLK,2023-06-01 00:00:00,selectkbest,skewness_6m,kurtosis_12m,MACD_3m,MACD_6m,MACD_12m,ROC_12m,MACD_24m,MACD_48m,momentum_diff_RSI_24m_48m,momentum_diff_ADX_24m_48m
XLF,2023-06-01 00:00:00,shap,CPIAUCSL,bollinger_low_24,price_oscillator,momentum_diff_ROC_3m_6m,volume,open,ADX_6m,kurtosis_24m,momentum_diff_RSI_3m_6m,BOPGSTB
XLF,2023-06-01 00:00:00,estatico,price_oscillator,MACD_3m,obv,skewness_6m,volume,skewness_3m,bollinger_high_6,CPIAUCSL,MACD_48m,kurtosis_6m
XLP,2023-06-01 00:00:00,causal,bollinger_low_3,skewness_3m,MACD_3m,price_oscillator,momentum_diff_ADX_3m_6m,kurtosis_12m,momentum_diff_RSI_6m_12m,ADX_3m,momentum_diff_ROC_6m_12m,volume
XLF,2023-06-01 00:00:00,causal,CPIAUCSL,price_oscillator,ADX_6m,bollinger_high_3,bollinger_low_24,BOPGSTB,momentum_diff_ROC_3m_6m,UMCSENT,ROC_6m,skewness_3m
XLP,2023-06-01 00:00:00,shap,MACD_3m,bollinger_low_3,bollinger_low_12,momentum_diff_ADX_3m_6m,ADX_3m,ROC_12m,open,bollinger_low_24,ROC_6m,momentum_diff_ROC_6m_12m
XLY,2023-06-01 00:00:00,causal,bollinger_high_6,UNRATE,ROC_12m,bollinger_high_3,bollinger_low_6,ADX_6m,CPIAUCSL,ROC_24m,price_oscillator,skewness_24m
XLY,2023-06-01 00:00:00,shap,UMCSENT,price_oscillator,bollinger_high_12,skewness_24m,ROC_12m,RSI_48m,MACD_3m,bollinger_high_6,RSI_3m,PPIACO
XLY,2023-06-01 00:00:00,estatico,price_oscillator,MACD_3m,obv,skewness_6m,volume,skewness_3m,bollinger_high_6,CPIAUCSL,MACD_48m,kurtosis_6m
XLP,2023-06-01 00:00:00,estatico,price_oscillator,MACD_3m,obv,skewness_6m,volume,skewness_3m,bollinger_high_6,CPIAUCSL,MACD_48m,kurtosis_6m
XLF,2023-06-01 00:00:00,selectkbest,MACD_3m,MACD_6m,MACD_12m,ADX_12m,RSI_24m,MACD_24m,ADX_24m,MACD_48m,bollinger_high_3,bollinger_high_12
XLP,2023-06-01 00:00:00,selectkbest,skewness_3m,kurtosis_24m,MACD_3m,ADX_3m,MACD_6m,MACD_12m,MACD_24m,MACD_48m,momentum_diff_ADX_3m_6m,bollinger_low_3
XLV,2023-06-01 00:00:00,shap,bollinger_high_3,PPO_3m,momentum_diff_ROC_12m_24m,kurtosis_6m,momentum_diff_ADX_3m_6m,CPIAUCSL,UMCSENT,momentum_diff_RSI_24m_48m,skewness_6m,ADX_48m
XLV,2023-06-01 00:00:00,causal,bollinger_high_3,PPO_3m,kurtosis_6m,ADX_48m,momentum_diff_ROC_12m_24m,ROC_24m,bollinger_low_6,skewness_24m,bollinger_high_6,price_oscillator
XLY,2023-06-01 00:00:00,selectkbest,MACD_3m,MACD_6m,MACD_12m,ROC_12m,MACD_24m,RSI_48m,MACD_48m,momentum_diff_RSI_6m_12m,momentum_diff_RSI_24m_48m,momentum_diff_ROC_24m_48m
XLU,2023-06-01 00:00:00,causal,skewness_3m,bollinger_high_6,price_oscillator,ROC_12m,ADX_3m,momentum_diff_ROC_3m_6m,bollinger_high_12,MACD_3m,volume,momentum_diff_RSI_24m_48m
XLV,2023-06-01 00:00:00,estatico,price_oscillator,MACD_3m,obv,skewness_6m,volume,skewness_3m,bollinger_high_6,CPIAUCSL,MACD_48m,kurtosis_6m
XLV,2023-06-01 00:00:00,selectkbest,MACD_3m,MACD_6m,MACD_12m,MACD_24m,ROC_24m,RSI_48m,MACD_48m,momentum_diff_ROC_12m_24m,momentum_diff_RSI_24m_48m,bollinger_high_3
XLU,2023-06-01 00:00:00,shap,skewness_3m,MACD_3m,bollinger_high_12,price_oscillator,bollinger_high_48,bollinger_high_6,ROC_6m,momentum_diff_ROC_3m_6m,PPO_3m,ADX_24m
XLU,2023-06-01 00:00:00,estatico,price_oscillator,MACD_3m,obv,skewness_6m,volume,skewness_3m,bollinger_high_6,CPIAUCSL,MACD_48m,kurtosis_6m
IYR,2023-06-01 00:00:00,causal,CPIAUCSL,momentum_diff_ROC_12m_24m,obv,volume,RSI_24m,bollinger_high_3,price_oscillator,bollinger_high_48,skewness_3m,skewness_6m
IYR,2023-06-01 00:00:00,shap,volume,momentum_diff_ROC_12m_24m,bollinger_low_3,MACD_3m,kurtosis_6m,UMCSENT,ROC_48m,kurtosis_24m,week_of_year,ADX_24m
IYR,2023-06-01 00:00:00,estatico,price_oscillator,MACD_3m,obv,skewness_6m,volume,skewness_3m,bollinger_high_6,CPIAUCSL,MACD_48m,kurtosis_6m
XLU,2023-06-01 00:00:00,selectkbest,skewness_3m,MACD_3m,MACD_6m,MACD_12m,MACD_24m,RSI_48m,MACD_48m,momentum_diff_ROC_3m_6m,momentum_diff_RSI_24m_48m,bollinger_high_6
VOX,2023-06-01 00:00:00,estatico,price_oscillator,MACD_3m,obv,skewness_6m,volume,skewness_3m,bollinger_high_6,CPIAUCSL,MACD_48m,kurtosis_6m
SPY,2023-06-01 00:00:00,causal,bollinger_high_12,price_oscillator,RSI_12m,skewness_48m,momentum_diff_ROC_3m_6m,bollinger_low_6,volume,skewness_3m,skewness_12m,kurtosis_24m
VOX,2023-06-01 00:00:00,shap,skewness_6m,ADX_12m,skewness_3m,momentum_diff_ROC_24m_48m,obv,momentum_diff_ADX_3m_6m,ADX_24m,volume,kurtosis_12m,momentum_diff_RSI_3m_6m
VOX,2023-06-01 00:00:00,causal,skewness_6m,bollinger_high_12,skewness_3m,high,ADX_24m,ADX_12m,MACD_3m,kurtosis_12m,momentum_diff_ADX_3m_6m,UMCSENT
IYR,2023-06-01 00:00:00,selectkbest,skewness_6m,kurtosis_6m,MACD_12m,ROC_12m,RSI_24m,MACD_24m,momentum_diff_ROC_6m_12m,momentum_diff_ROC_12m_24m,price_oscillator,adl
SPY,2023-06-01 00:00:00,shap,bollinger_high_12,skewness_48m,volume,ADX_48m,RSI_12m,kurtosis_6m,momentum_diff_RSI_24m_48m,bollinger_high_6,CPIAUCSL,momentum_diff_ROC_6m_12m
VOX,2023-06-01 00:00:00,selectkbest,skewness_3m,skewness_6m,ADX_12m,ADX_24m,RSI_48m,ADX_48m,momentum_diff_RSI_3m_6m,momentum_diff_RSI_6m_12m,bollinger_high_12,UNRATE
SPY,2023-06-01 00:00:00,estatico,price_oscillator,MACD_3m,obv,skewness_6m,volume,skewness_3m,bollinger_high_6,CPIAUCSL,MACD_48m,kurtosis_6m
SPY,2023-06-01 00:00:00,selectkbest,MACD_3m,MACD_6m,ROC_6m,MACD_12m,MACD_24m,RSI_48m,MACD_48m,momentum_diff_ROC_6m_12m,momentum_diff_RSI_24m_48m,bollinger_high_12
XLB,2023-07-03 00:00:00,estatico,price_oscillator,MACD_3m,obv,skewness_6m,volume,skewness_3m,bollinger_high_6,CPIAUCSL,MACD_48m,kurtosis_6m
XLB,2023-07-03 00:00:00,shap,bollinger_low_24,ADX_3m,ROC_48m,bollinger_low_6,RSI_3m,ADX_24m,MACD_3m,RSI_12m,bollinger_high_12,ROC_24m
XLI,2023-07-03 00:00:00,estatico,price_oscillator,MACD_3m,obv,skewness_6m,volume,skewness_3m,bollinger_high_6,CPIAUCSL,MACD_48m,kurtosis_6m
XLE,2023-07-03 00:00:00,causal,kurtosis_24m,ROC_6m,kurtosis_12m,bollinger_low_6,GDP,obv,momentum_diff_ADX_6m_12m,ROC_48m,volume,momentum_diff_ROC_12m_24m
XLI,2023-07-03 00:00:00,shap,bollinger_high_12,skewness_48m,momentum_diff_ROC_24m_48m,skewness_12m,kurtosis_12m,skewness_24m,MACD_3m,RSI_12m,bollinger_high_6,bollinger_low_6
XLI,2023-07-03 00:00:00,causal,bollinger_high_12,skewness_6m,skewness_48m,kurtosis_12m,bollinger_low_3,bollinger_high_6,momentum_diff_ROC_24m_48m,kurtosis_6m,bollinger_low_12,bollinger_low_6
XLE,2023-07-03 00:00:00,shap,kurtosis_24m,skewness_6m,kurtosis_12m,price_oscillator,obv,kurtosis_6m,high,ROC_3m,month,bollinger_low_6
XLK,2023-07-03 00:00:00,shap,momentum_diff_ROC_12m_24m,bollinger_high_6,momentum_diff_ADX_12m_24m,MACD_3m,skewness_3m,skewness_6m,price_oscillator,bollinger_low_12,bollinger_high_12,momentum_diff_ROC_3m_6m
XLE,2023-07-03 00:00:00,selectkbest,open,high,low,kurtosis_24m,kurtosis_48m,bollinger_high_24,bollinger_low_24,bollinger_high_48,bollinger_low_48,UMCSENT
XLE,2023-07-03 00:00:00,estatico,price_oscillator,MACD_3m,obv,skewness_6m,volume,skewness_3m,bollinger_high_6,CPIAUCSL,MACD_48m,kurtosis_6m
XLB,2023-07-03 00:00:00,causal,ROC_48m,skewness_6m,bollinger_low_6,volume,PPO_3m,obv,skewness_3m,ADX_3m,skewness_24m,ROC_24m
XLB,2023-07-03 00:00:00,selectkbest,skewness_6m,MACD_3m,MACD_6m,MACD_12m,MACD_24m,RSI_48m,MACD_48m,ROC_48m,bollinger_high_24,bollinger_low_24
XLK,2023-07-03 00:00:00,estatico,price_oscillator,MACD_3m,obv,skewness_6m,volume,skewness_3m,bollinger_high_6,CPIAUCSL,MACD_48m,kurtosis_6m
XLK,2023-07-03 00:00:00,causal,momentum_diff_ROC_12m_24m,bollinger_high_6,bollinger_low_3,UMCSENT,bollinger_high_12,bollinger_low_6,skewness_3m,price_oscillator,obv,momentum_diff_ROC_3m_6m
XLK,2023-07-03 00:00:00,selectkbest,skewness_6m,kurtosis_12m,MACD_3m,MACD_6m,MACD_12m,ROC_12m,MACD_24m,MACD_48m,momentum_diff_RSI_24m_48m,momentum_diff_ADX_24m_48m
XLI,2023-07-03 00:00:00,selectkbest,skewness_6m,MACD_3m,MACD_6m,MACD_12m,MACD_24m,MACD_48m,ROC_48m,momentum_diff_ROC_24m_48m,bollinger_high_12,bollinger_low_24
XLF,2023-07-03 00:00:00,causal,CPIAUCSL,price_oscillator,momentum_diff_ROC_3m_6m,ROC_6m,bollinger_low_6,BOPGSTB,ADX_6m,momentum_diff_ADX_3m_6m,bollinger_high_3,UMCSENT
XLF,2023-07-03 00:00:00,estatico,price_oscillator,MACD_3m,obv,skewness_6m,volume,skewness_3m,bollinger_high_6,CPIAUCSL,MACD_48m,kurtosis_6m
XLF,2023-07-03 00:00:00,shap,CPIAUCSL,open,skewness_3m,bollinger_high_3,volume,ADX_48m,ADX_24m,bollinger_high_6,kurtosis_24m,bollinger_low_24
XLP,2023-07-03 00:00:00,causal,bollinger_low_3,skewness_3m,bollinger_low_24,MACD_3m,momentum_diff_ADX_3m_6m,kurtosis_12m,momentum_diff_ROC_6m_12m,ROC_12m,ROC_6m,momentum_diff_RSI_6m_12m
XLP,2023-07-03 00:00:00,estatico,price_oscillator,MACD_3m,obv,skewness_6m,volume,skewness_3m,bollinger_high_6,CPIAUCSL,MACD_48m,kurtosis_6m
XLY,2023-07-03 00:00:00,estatico,price_oscillator,MACD_3m,obv,skewness_6m,volume,skewness_3m,bollinger_high_6,CPIAUCSL,MACD_48m,kurtosis_6m
XLP,2023-07-03 00:00:00,shap,MACD_3m,bollinger_low_3,bollinger_low_12,ADX_3m,bollinger_low_24,open,week_of_year,skewness_3m,kurtosis_12m,ROC_6m
XLY,2023-07-03 00:00:00,causal,UNRATE,bollinger_high_6,ROC_12m,bollinger_low_6,bollinger_high_3,ADX_6m,skewness_24m,ADX_3m,ROC_24m,price_oscillator
XLY,2023-07-03 00:00:00,shap,skewness_24m,bollinger_high_12,MACD_3m,ROC_12m,PPIACO,kurtosis_6m,RSI_48m,bollinger_high_3,obv,UMCSENT
XLF,2023-07-03 00:00:00,selectkbest,MACD_3m,MACD_6m,MACD_12m,ADX_12m,RSI_24m,MACD_24m,ADX_24m,MACD_48m,bollinger_high_3,bollinger_high_12
XLV,2023-07-03 00:00:00,shap,bollinger_high_3,PPO_3m,kurtosis_6m,momentum_diff_RSI_24m_48m,momentum_diff_ADX_3m_6m,CPIAUCSL,momentum_diff_ROC_12m_24m,RSI_12m,price_oscillator,ADX_48m
XLV,2023-07-03 00:00:00,causal,bollinger_high_3,PPO_3m,kurtosis_6m,momentum_diff_ROC_12m_24m,momentum_diff_RSI_3m_6m,bollinger_low_6,skewness_24m,ADX_48m,ROC_24m,skewness_6m
XLP,2023-07-03 00:00:00,selectkbest,skewness_3m,MACD_3m,ADX_3m,MACD_6m,MACD_12m,MACD_24m,RSI_48m,MACD_48m,momentum_diff_ADX_3m_6m,bollinger_low_3
XLU,2023-07-03 00:00:00,shap,skewness_3m,bollinger_high_12,MACD_3m,price_oscillator,bollinger_high_6,momentum_diff_RSI_24m_48m,bollinger_high_48,momentum_diff_ROC_3m_6m,momentum_diff_ADX_12m_24m,BOPGSTB
XLU,2023-07-03 00:00:00,causal,bollinger_high_6,price_oscillator,skewness_3m,momentum_diff_ROC_3m_6m,ADX_3m,MACD_3m,bollinger_high_12,ROC_12m,momentum_diff_ADX_12m_24m,momentum_diff_RSI_6m_12m
XLY,2023-07-03 00:00:00,selectkbest,MACD_3m,MACD_6m,MACD_12m,ROC_12m,MACD_24m,RSI_48m,MACD_48m,momentum_diff_RSI_24m_48m,momentum_diff_ROC_24m_48m,bollinger_high_12
XLV,2023-07-03 00:00:00,estatico,price_oscillator,MACD_3m,obv,skewness_6m,volume,skewness_3m,bollinger_high_6,CPIAUCSL,MACD_48m,kurtosis_6m
IYR,2023-07-03 00:00:00,causal,CPIAUCSL,obv,momentum_diff_ROC_12m_24m,volume,RSI_24m,skewness_3m,bollinger_low_6,ROC_12m,low,bollinger_high_3
IYR,2023-07-03 00:00:00,shap,momentum_diff_ROC_12m_24m,obv,kurtosis_6m,bollinger_low_3,bollinger_high_3,volume,MACD_3m,bollinger_high_6,ROC_12m,ADX_24m
XLU,2023-07-03 00:00:00,selectkbest,skewness_3m,MACD_3m,MACD_6m,MACD_12m,MACD_24m,RSI_48m,MACD_48m,momentum_diff_ROC_3m_6m,momentum_diff_RSI_24m_48m,bollinger_high_6
XLV,2023-07-03 00:00:00,selectkbest,MACD_3m,MACD_6m,MACD_12m,MACD_24m,ROC_24m,RSI_48m,MACD_48m,momentum_diff_ROC_12m_24m,momentum_diff_RSI_24m_48m,bollinger_high_3
XLU,2023-07-03 00:00:00,estatico,price_oscillator,MACD_3m,obv,skewness_6m,volume,skewness_3m,bollinger_high_6,CPIAUCSL,MACD_48m,kurtosis_6m
IYR,2023-07-03 00:00:00,estatico,price_oscillator,MACD_3m,obv,skewness_6m,volume,skewness_3m,bollinger_high_6,CPIAUCSL,MACD_48m,kurtosis_6m
VOX,2023-07-03 00:00:00,shap,skewness_6m,ADX_12m,ADX_24m,momentum_diff_ROC_24m_48m,skewness_3m,obv,momentum_diff_ADX_3m_6m,momentum_diff_RSI_3m_6m,volume,ROC_12m
VOX,2023-07-03 00:00:00,estatico,price_oscillator,MACD_3m,obv,skewness_6m,volume,skewness_3m,bollinger_high_6,CPIAUCSL,MACD_48m,kurtosis_6m
SPY,2023-07-03 00:00:00,estatico,price_oscillator,MACD_3m,obv,skewness_6m,volume,skewness_3m,bollinger_high_6,CPIAUCSL,MACD_48m,kurtosis_6m
SPY,2023-07-03 00:00:00,causal,bollinger_high_12,RSI_12m,skewness_48m,price_oscillator,bollinger_low_6,momentum_diff_ROC_3m_6m,ADX_48m,skewness_3m,volume,kurtosis_24m
VOX,2023-07-03 00:00:00,causal,skewness_6m,bollinger_high_12,skewness_3m,momentum_diff_ADX_3m_6m,high,MACD_3m,ADX_24m,ADX_12m,momentum_diff_ROC_6m_12m,kurtosis_12m
IYR,2023-07-03 00:00:00,selectkbest,skewness_6m,kurtosis_6m,ROC_12m,RSI_24m,MACD_24m,MACD_48m,momentum_diff_ROC_6m_12m,momentum_diff_ROC_12m_24m,price_oscillator,adl
SPY,2023-07-03 00:00:00,shap,bollinger_high_12,skewness_48m,RSI_12m,ADX_48m,skewness_3m,momentum_diff_ROC_24m_48m,volume,MACD_3m,momentum_diff_ROC_6m_12m,UMCSENT
VOX,2023-07-03 00:00:00,selectkbest,skewness_3m,skewness_6m,ADX_12m,ADX_24m,ADX_48m,momentum_diff_RSI_3m_6m,momentum_diff_RSI_6m_12m,bollinger_high_6,bollinger_high_12,UNRATE
SPY,2023-07-03 00:00:00,selectkbest,MACD_3m,MACD_6m,ROC_6m,MACD_12m,MACD_24m,RSI_48m,MACD_48m,momentum_diff_ROC_6m_12m,momentum_diff_RSI_24m_48m,bollinger_high_12
XLB,2023-08-01 00:00:00,causal,skewness_6m,bollinger_low_6,ROC_48m,volume,bollinger_low_24,PPO_3m,ADX_6m,ADX_3m,skewness_3m,momentum_diff_ROC_3m_6m
XLB,2023-08-01 00:00:00,shap,bollinger_low_24,ADX_3m,RSI_3m,ROC_48m,ADX_24m,obv,bollinger_low_6,RSI_6m,momentum_diff_ROC_3m_6m,MACD_3m
XLE,2023-08-01 00:00:00,shap,kurtosis_24m,skewness_6m,ROC_6m,BOPGSTB,price_oscillator,high,ADX_12m,volume,kurtosis_6m,month
XLB,2023-08-01 00:00:00,estatico,price_oscillator,MACD_3m,obv,skewness_6m,volume,skewness_3m,bollinger_high_6,CPIAUCSL,MACD_48m,kurtosis_6m
XLK,2023-08-01 00:00:00,shap,momentum_diff_ROC_12m_24m,bollinger_high_6,skewness_6m,skewness_3m,price_oscillator,momentum_diff_ADX_12m_24m,bollinger_low_12,bollinger_high_12,MACD_3m,bollinger_low_3
XLE,2023-08-01 00:00:00,causal,kurtosis_24m,ROC_6m,kurtosis_12m,obv,bollinger_low_6,GDP,momentum_diff_ROC_12m_24m,bollinger_high_3,momentum_diff_ADX_6m_12m,kurtosis_6m
XLI,2023-08-01 00:00:00,estatico,price_oscillator,MACD_3m,obv,skewness_6m,volume,skewness_3m,bollinger_high_6,CPIAUCSL,MACD_48m,kurtosis_6m
XLK,2023-08-01 00:00:00,causal,momentum_diff_ROC_12m_24m,bollinger_high_6,UMCSENT,bollinger_low_3,bollinger_high_12,momentum_diff_ADX_12m_24m,skewness_3m,momentum_diff_ROC_3m_6m,bollinger_low_6,obv
XLE,2023-08-01 00:00:00,estatico,price_oscillator,MACD_3m,obv,skewness_6m,volume,skewness_3m,bollinger_high_6,CPIAUCSL,MACD_48m,kurtosis_6m
XLI,2023-08-01 00:00:00,shap,bollinger_high_12,skewness_24m,momentum_diff_ROC_24m_48m,skewness_48m,skewness_12m,price_oscillator,MACD_3m,RSI_12m,RSI_3m,kurtosis_12m
XLK,2023-08-01 00:00:00,estatico,price_oscillator,MACD_3m,obv,skewness_6m,volume,skewness_3m,bollinger_high_6,CPIAUCSL,MACD_48m,kurtosis_6m
XLB,2023-08-01 00:00:00,selectkbest,skewness_6m,MACD_3m,MACD_6m,MACD_12m,MACD_24m,RSI_48m,MACD_48m,ROC_48m,bollinger_high_24,bollinger_low_24
XLI,2023-08-01 00:00:00,causal,bollinger_high_12,skewness_48m,skewness_6m,bollinger_high_6,kurtosis_12m,bollinger_low_3,price_oscillator,bollinger_low_12,ROC_12m,kurtosis_6m
XLE,2023-08-01 00:00:00,selectkbest,open,high,kurtosis_24m,kurtosis_48m,momentum_diff_ADX_24m_48m,bollinger_high_24,bollinger_low_24,bollinger_high_48,bollinger_low_48,UMCSENT
XLI,2023-08-01 00:00:00,selectkbest,skewness_6m,MACD_3m,MACD_6m,MACD_12m,MACD_24m,MACD_48m,ROC_48m,momentum_diff_ROC_24m_48m,bollinger_high_12,bollinger_low_24
XLK,2023-08-01 00:00:00,selectkbest,skewness_6m,kurtosis_12m,MACD_3m,MACD_6m,MACD_12m,ROC_12m,MACD_24m,MACD_48m,momentum_diff_RSI_24m_48m,momentum_diff_ADX_24m_48m
XLF,2023-08-01 00:00:00,shap,CPIAUCSL,price_oscillator,ADX_24m,bollinger_low_24,open,skewness_3m,ADX_6m,ADX_48m,volume,momentum_diff_ROC_3m_6m
XLF,2023-08-01 00:00:00,causal,CPIAUCSL,price_oscillator,bollinger_low_24,bollinger_high_3,momentum_diff_ROC_3m_6m,ADX_6m,kurtosis_6m,ADX_24m,ROC_6m,bollinger_high_6
XLP,2023-08-01 00:00:00,causal,skewness_3m,bollinger_low_3,MACD_3m,kurtosis_12m,momentum_diff_ADX_3m_6m,bollinger_low_24,ROC_12m,momentum_diff_ROC_6m_12m,price_oscillator,momentum_diff_RSI_6m_12m
XLP,2023-08-01 00:00:00,estatico,price_oscillator,MACD_3m,obv,skewness_6m,volume,skewness_3m,bollinger_high_6,CPIAUCSL,MACD_48m,kurtosis_6m
XLF,2023-08-01 00:00:00,estatico,price_oscillator,MACD_3m,obv,skewness_6m,volume,skewness_3m,bollinger_high_6,CPIAUCSL,MACD_48m,kurtosis_6m
XLY,2023-08-01 00:00:00,shap,bollinger_high_12,skewness_24m,RSI_48m,kurtosis_6m,ROC_12m,RSI_3m,ROC_3m,bollinger_high_3,MACD_3m,bollinger_low_3
XLP,2023-08-01 00:00:00,shap,bollinger_low_3,MACD_3m,ADX_3m,bollinger_low_24,ROC_6m,open,bollinger_low_12,skewness_3m,kurtosis_12m,momentum_diff_ADX_6m_12m
XLY,2023-08-01 00:00:00,causal,UNRATE,ROC_12m,bollinger_high_3,bollinger_high_6,bollinger_low_6,skewness_24m,bollinger_low_12,price_oscillator,ADX_3m,ROC_24m
XLF,2023-08-01 00:00:00,selectkbest,MACD_3m,MACD_6m,MACD_12m,ADX_12m,RSI_24m,MACD_24m,ADX_24m,MACD_48m,bollinger_high_3,bollinger_high_12
XLV,2023-08-01 00:00:00,shap,bollinger_high_3,PPO_3m,momentum_diff_ROC_12m_24m,CPIAUCSL,ADX_48m,kurtosis_6m,ROC_24m,UMCSENT,RSI_12m,low
XLV,2023-08-01 00:00:00,causal,bollinger_high_3,PPO_3m,momentum_diff_ROC_12m_24m,kurtosis_6m,ADX_48m,skewness_24m,skewness_6m,bollinger_high_6,ROC_24m,bollinger_low_6
XLY,2023-08-01 00:00:00,estatico,price_oscillator,MACD_3m,obv,skewness_6m,volume,skewness_3m,bollinger_high_6,CPIAUCSL,MACD_48m,kurtosis_6m
XLY,2023-08-01 00:00:00,selectkbest,MACD_3m,MACD_6m,MACD_12m,ROC_12m,MACD_24m,RSI_48m,MACD_48m,momentum_diff_RSI_24m_48m,momentum_diff_ROC_24m_48m,bollinger_high_12
XLP,2023-08-01 00:00:00,selectkbest,skewness_3m,MACD_3m,ADX_3m,MACD_6m,MACD_12m,MACD_24m,RSI_48m,MACD_48m,momentum_diff_ADX_3m_6m,bollinger_low_3
XLV,2023-08-01 00:00:00,estatico,price_oscillator,MACD_3m,obv,skewness_6m,volume,skewness_3m,bollinger_high_6,CPIAUCSL,MACD_48m,kurtosis_6m
XLU,2023-08-01 00:00:00,causal,bollinger_high_6,price_oscillator,skewness_3m,ROC_12m,momentum_diff_ROC_3m_6m,MACD_3m,momentum_diff_ADX_6m_12m,ADX_3m,bollinger_high_48,volume
XLU,2023-08-01 00:00:00,shap,price_oscillator,skewness_3m,bollinger_high_6,momentum_diff_RSI_6m_12m,MACD_3m,momentum_diff_RSI_24m_48m,bollinger_high_12,momentum_diff_ADX_6m_12m,momentum_diff_ROC_3m_6m,volume
IYR,2023-08-01 00:00:00,causal,CPIAUCSL,momentum_diff_ROC_12m_24m,obv,RSI_24m,volume,skewness_3m,price_oscillator,ROC_12m,ROC_6m,bollinger_high_3
XLU,2023-08-01 00:00:00,estatico,price_oscillator,MACD_3m,obv,skewness_6m,volume,skewness_3m,bollinger_high_6,CPIAUCSL,MACD_48m,kurtosis_6m
IYR,2023-08-01 00:00:00,shap,momentum_diff_ROC_12m_24m,obv,bollinger_low_3,volume,bollinger_high_3,bollinger_high_6,BOPGSTB,kurtosis_6m,skewness_6m,MACD_3m
VOX,2023-08-01 00:00:00,shap,skewness_6m,bollinger_high_12,ADX_24m,ADX_12m,momentum_diff_ADX_3m_6m,skewness_3m,momentum_diff_ROC_24m_48m,momentum_diff_RSI_3m_6m,volume,kurtosis_12m
XLV,2023-08-01 00:00:00,selectkbest,MACD_3m,MACD_6m,MACD_12m,MACD_24m,ROC_24m,RSI_48m,MACD_48m,momentum_diff_ROC_12m_24m,momentum_diff_RSI_24m_48m,bollinger_high_3
XLU,2023-08-01 00:00:00,selectkbest,skewness_3m,MACD_3m,MACD_6m,MACD_12m,MACD_24m,RSI_48m,MACD_48m,momentum_diff_ROC_3m_6m,momentum_diff_RSI_24m_48m,bollinger_high_6
IYR,2023-08-01 00:00:00,estatico,price_oscillator,MACD_3m,obv,skewness_6m,volume,skewness_3m,bollinger_high_6,CPIAUCSL,MACD_48m,kurtosis_6m
VOX,2023-08-01 00:00:00,estatico,price_oscillator,MACD_3m,obv,skewness_6m,volume,skewness_3m,bollinger_high_6,CPIAUCSL,MACD_48m,kurtosis_6m
VOX,2023-08-01 00:00:00,causal,skewness_6m,skewness_3m,bollinger_high_12,momentum_diff_ADX_3m_6m,ADX_12m,ADX_24m,momentum_diff_ROC_6m_12m,MACD_3m,kurtosis_12m,RSI_6m
SPY,2023-08-01 00:00:00,causal,bollinger_high_12,skewness_48m,RSI_12m,price_oscillator,momentum_diff_ROC_3m_6m,bollinger_low_6,skewness_3m,skewness_12m,ADX_48m,bollinger_low_12
SPY,2023-08-01 00:00:00,shap,bollinger_high_12,skewness_48m,ADX_48m,kurtosis_6m,RSI_12m,price_oscillator,MACD_3m,skewness_3m,volume,momentum_diff_RSI_24m_48m
IYR,2023-08-01 00:00:00,selectkbest,skewness_6m,kurtosis_6m,MACD_12m,ROC_12m,RSI_24m,MACD_24m,momentum_diff_ROC_6m_12m,momentum_diff_ROC_12m_24m,price_oscillator,adl
SPY,2023-08-01 00:00:00,estatico,price_oscillator,MACD_3m,obv,skewness_6m,volume,skewness_3m,bollinger_high_6,CPIAUCSL,MACD_48m,kurtosis_6m
VOX,2023-08-01 00:00:00,selectkbest,skewness_3m,skewness_6m,ADX_12m,ADX_24m,ADX_48m,momentum_diff_RSI_3m_6m,momentum_diff_RSI_6m_12m,bollinger_high_6,bollinger_high_12,UNRATE
SPY,2023-08-01 00:00:00,selectkbest,MACD_3m,MACD_6m,ROC_6m,MACD_12m,MACD_24m,RSI_48m,MACD_48m,momentum_diff_ROC_6m_12m,momentum_diff_RSI_24m_48m,bollinger_high_12
XLB,2023-09-01 00:00:00,shap,bollinger_low_24,MACD_3m,RSI_3m,ROC_48m,ADX_24m,skewness_6m,ADX_3m,obv,RSI_6m,bollinger_low_6
XLE,2023-09-01 00:00:00,causal,kurtosis_24m,kurtosis_12m,ROC_6m,obv,GDP,bollinger_low_6,volume,ADX_12m,ROC_48m,skewness_12m
XLE,2023-09-01 00:00:00,shap,skewness_6m,kurtosis_24m,price_oscillator,kurtosis_6m,ROC_3m,kurtosis_12m,BOPGSTB,ADX_12m,bollinger_high_6,open
XLI,2023-09-01 00:00:00,shap,bollinger_high_12,skewness_24m,skewness_48m,price_oscillator,bollinger_low_6,RSI_12m,skewness_12m,MACD_3m,bollinger_high_6,PPO_3m
XLB,2023-09-01 00:00:00,estatico,price_oscillator,MACD_3m,obv,skewness_6m,volume,skewness_3m,bollinger_high_6,CPIAUCSL,MACD_48m,kurtosis_6m
XLI,2023-09-01 00:00:00,estatico,price_oscillator,MACD_3m,obv,skewness_6m,volume,skewness_3m,bollinger_high_6,CPIAUCSL,MACD_48m,kurtosis_6m
XLI,2023-09-01 00:00:00,causal,bollinger_high_12,skewness_48m,skewness_6m,kurtosis_12m,bollinger_low_6,bollinger_low_3,price_oscillator,bollinger_high_6,momentum_diff_ROC_24m_48m,UMCSENT
XLE,2023-09-01 00:00:00,estatico,price_oscillator,MACD_3m,obv,skewness_6m,volume,skewness_3m,bollinger_high_6,CPIAUCSL,MACD_48m,kurtosis_6m
XLB,2023-09-01 00:00:00,causal,bollinger_low_6,skewness_6m,ROC_48m,skewness_3m,obv,volume,ADX_3m,PPO_3m,skewness_24m,ADX_6m
XLB,2023-09-01 00:00:00,selectkbest,skewness_6m,MACD_3m,MACD_6m,MACD_12m,MACD_24m,RSI_48m,MACD_48m,ROC_48m,bollinger_high_24,bollinger_low_24
XLK,2023-09-01 00:00:00,shap,momentum_diff_ADX_12m_24m,bollinger_high_6,skewness_6m,momentum_diff_ROC_12m_24m,bollinger_high_12,price_oscillator,skewness_3m,bollinger_low_3,open,ADX_24m
XLK,2023-09-01 00:00:00,causal,momentum_diff_ROC_12m_24m,bollinger_high_6,bollinger_low_3,bollinger_low_6,skewness_3m,momentum_diff_ROC_3m_6m,adl,bollinger_high_12,momentum_diff_ADX_12m_24m,ROC_24m
XLE,2023-09-01 00:00:00,selectkbest,high,kurtosis_24m,kurtosis_48m,momentum_diff_ADX_24m_48m,bollinger_high_24,bollinger_low_24,bollinger_high_48,bollinger_low_48,BOPGSTB,UMCSENT
XLK,2023-09-01 00:00:00,estatico,price_oscillator,MACD_3m,obv,skewness_6m,volume,skewness_3m,bollinger_high_6,CPIAUCSL,MACD_48m,kurtosis_6m
XLI,2023-09-01 00:00:00,selectkbest,skewness_6m,MACD_3m,MACD_6m,MACD_12m,MACD_24m,MACD_48m,ROC_48m,momentum_diff_ROC_24m_48m,bollinger_high_12,bollinger_low_24
XLK,2023-09-01 00:00:00,selectkbest,skewness_6m,kurtosis_12m,MACD_3m,MACD_6m,MACD_12m,ROC_12m,MACD_24m,MACD_48m,momentum_diff_RSI_24m_48m,momentum_diff_ADX_24m_48m
XLF,2023-09-01 00:00:00,shap,CPIAUCSL,volume,price_oscillator,open,momentum_diff_ROC_3m_6m,ADX_48m,bollinger_low_24,ADX_24m,skewness_3m,kurtosis_24m
XLF,2023-09-01 00:00:00,causal,CPIAUCSL,price_oscillator,bollinger_low_6,bollinger_high_3,momentum_diff_ROC_3m_6m,ADX_24m,UMCSENT,bollinger_low_24,BOPGSTB,ADX_6m
XLF,2023-09-01 00:00:00,estatico,price_oscillator,MACD_3m,obv,skewness_6m,volume,skewness_3m,bollinger_high_6,CPIAUCSL,MACD_48m,kurtosis_6m
XLP,2023-09-01 00:00:00,causal,bollinger_low_3,skewness_3m,MACD_3m,bollinger_low_12,ROC_12m,bollinger_low_24,momentum_diff_ROC_6m_12m,kurtosis_12m,price_oscillator,volume
XLP,2023-09-01 00:00:00,shap,bollinger_low_3,MACD_3m,ADX_3m,bollinger_low_12,bollinger_low_24,open,kurtosis_12m,kurtosis_24m,ADX_6m,bollinger_high_6
XLY,2023-09-01 00:00:00,shap,skewness_24m,bollinger_high_12,bollinger_high_3,RSI_48m,UMCSENT,ADX_3m,ROC_3m,price_oscillator,RSI_3m,ROC_12m
XLP,2023-09-01 00:00:00,estatico,price_oscillator,MACD_3m,obv,skewness_6m,volume,skewness_3m,bollinger_high_6,CPIAUCSL,MACD_48m,kurtosis_6m
XLF,2023-09-01 00:00:00,selectkbest,MACD_3m,MACD_6m,MACD_12m,ADX_12m,RSI_24m,MACD_24m,ADX_24m,MACD_48m,bollinger_high_3,bollinger_high_12
XLY,2023-09-01 00:00:00,causal,bollinger_high_6,UNRATE,bollinger_low_6,bollinger_high_3,ROC_12m,price_oscillator,skewness_24m,bollinger_high_12,ADX_3m,ROC_24m
XLV,2023-09-01 00:00:00,shap,bollinger_high_3,PPO_3m,momentum_diff_ROC_12m_24m,CPIAUCSL,momentum_diff_ADX_3m_6m,momentum_diff_RSI_24m_48m,kurtosis_6m,low,MACD_3m,UMCSENT
XLY,2023-09-01 00:00:00,estatico,price_oscillator,MACD_3m,obv,skewness_6m,volume,skewness_3m,bollinger_high_6,CPIAUCSL,MACD_48m,kurtosis_6m
XLP,2023-09-01 00:00:00,selectkbest,skewness_3m,MACD_3m,ADX_3m,MACD_6m,MACD_12m,MACD_24m,RSI_48m,MACD_48m,momentum_diff_ADX_3m_6m,bollinger_low_3
XLV,2023-09-01 00:00:00,causal,bollinger_high_3,PPO_3m,skewness_24m,kurtosis_6m,momentum_diff_ROC_12m_24m,ROC_24m,momentum_diff_RSI_3m_6m,kurtosis_24m,bollinger_low_6,ADX_48m
XLV,2023-09-01 00:00:00,estatico,price_oscillator,MACD_3m,obv,skewness_6m,volume,skewness_3m,bollinger_high_6,CPIAUCSL,MACD_48m,kurtosis_6m
XLU,2023-09-01 00:00:00,causal,bollinger_high_6,price_oscillator,skewness_3m,momentum_diff_ROC_3m_6m,ADX_3m,MACD_3m,ROC_12m,ROC_6m,volume,obv
XLY,2023-09-01 00:00:00,selectkbest,MACD_3m,MACD_6m,MACD_12m,ROC_12m,MACD_24m,RSI_48m,MACD_48m,momentum_diff_RSI_24m_48m,momentum_diff_ROC_24m_48m,bollinger_high_12
XLU,2023-09-01 00:00:00,shap,bollinger_high_6,price_oscillator,skewness_3m,momentum_diff_RSI_24m_48m,MACD_3m,momentum_diff_ADX_6m_12m,volume,open,bollinger_high_48,momentum_diff_RSI_3m_6m
IYR,2023-09-01 00:00:00,shap,momentum_diff_ROC_12m_24m,kurtosis_6m,bollinger_low_3,obv,MACD_3m,volume,bollinger_high_6,BOPGSTB,ADX_24m,RSI_48m
XLU,2023-09-01 00:00:00,estatico,price_oscillator,MACD_3m,obv,skewness_6m,volume,skewness_3m,bollinger_high_6,CPIAUCSL,MACD_48m,kurtosis_6m
IYR,2023-09-01 00:00:00,causal,CPIAUCSL,obv,momentum_diff_ROC_12m_24m,volume,RSI_24m,bollinger_low_6,ROC_12m,bollinger_high_3,bollinger_high_48,skewness_3m
XLU,2023-09-01 00:00:00,selectkbest,skewness_3m,MACD_3m,MACD_6m,MACD_12m,MACD_24m,RSI_48m,MACD_48m,momentum_diff_ROC_3m_6m,momentum_diff_RSI_24m_48m,bollinger_high_6
XLV,2023-09-01 00:00:00,selectkbest,MACD_3m,MACD_6m,MACD_12m,MACD_24m,ROC_24m,RSI_48m,MACD_48m,momentum_diff_ROC_12m_24m,momentum_diff_RSI_24m_48m,bollinger_high_3
IYR,2023-09-01 00:00:00,estatico,price_oscillator,MACD_3m,obv,skewness_6m,volume,skewness_3m,bollinger_high_6,CPIAUCSL,MACD_48m,kurtosis_6m
VOX,2023-09-01 00:00:00,shap,skewness_6m,ADX_24m,ADX_12m,bollinger_high_12,momentum_diff_ADX_3m_6m,kurtosis_12m,skewness_3m,momentum_diff_RSI_3m_6m,momentum_diff_ROC_24m_48m,momentum_diff_ROC_6m_12m
IYR,2023-09-01 00:00:00,selectkbest,skewness_6m,kurtosis_6m,MACD_12m,ROC_12m,RSI_24m,MACD_24m,MACD_48m,momentum_diff_ROC_6m_12m,momentum_diff_ROC_12m_24m,price_oscillator
VOX,2023-09-01 00:00:00,causal,skewness_6m,bollinger_high_12,skewness_3m,ADX_12m,MACD_3m,kurtosis_12m,ADX_24m,momentum_diff_ADX_3m_6m,momentum_diff_ROC_6m_12m,high
SPY,2023-09-01 00:00:00,causal,bollinger_high_12,RSI_12m,price_oscillator,skewness_48m,bollinger_low_6,momentum_diff_ROC_3m_6m,skewness_3m,volume,kurtosis_24m,ADX_48m
SPY,2023-09-01 00:00:00,shap,bollinger_high_12,skewness_48m,ADX_48m,RSI_12m,volume,skewness_3m,MACD_3m,momentum_diff_ROC_6m_12m,ROC_6m,price_oscillator
VOX,2023-09-01 00:00:00,estatico,price_oscillator,MACD_3m,obv,skewness_6m,volume,skewness_3m,bollinger_high_6,CPIAUCSL,MACD_48m,kurtosis_6m
VOX,2023-09-01 00:00:00,selectkbest,skewness_3m,skewness_6m,ADX_12m,ADX_24m,ADX_48m,momentum_diff_RSI_3m_6m,momentum_diff_RSI_6m_12m,bollinger_high_6,bollinger_high_12,UNRATE
SPY,2023-09-01 00:00:00,estatico,price_oscillator,MACD_3m,obv,skewness_6m,volume,skewness_3m,bollinger_high_6,CPIAUCSL,MACD_48m,kurtosis_6m
SPY,2023-09-01 00:00:00,selectkbest,MACD_3m,MACD_6m,ROC_6m,MACD_12m,MACD_24m,RSI_48m,MACD_48m,momentum_diff_ROC_6m_12m,momentum_diff_RSI_24m_48m,bollinger_high_12
XLE,2023-10-02 00:00:00,shap,price_oscillator,obv,kurtosis_6m,kurtosis_24m,kurtosis_12m,bollinger_high_3,RSI_6m,volume,skewness_6m,ADX_12m
XLB,2023-10-02 00:00:00,causal,skewness_6m,bollinger_low_6,ROC_48m,obv,volume,skewness_24m,ADX_3m,skewness_3m,PPO_3m,momentum_diff_ROC_3m_6m
XLB,2023-10-02 00:00:00,estatico,price_oscillator,MACD_3m,obv,skewness_6m,volume,skewness_3m,bollinger_high_6,CPIAUCSL,MACD_48m,kurtosis_6m
XLI,2023-10-02 00:00:00,causal,skewness_6m,bollinger_high_12,bollinger_high_6,skewness_48m,bollinger_low_3,kurtosis_12m,bollinger_low_6,price_oscillator,momentum_diff_ROC_24m_48m,kurtosis_6m
XLI,2023-10-02 00:00:00,estatico,price_oscillator,MACD_3m,obv,skewness_6m,volume,skewness_3m,bollinger_high_6,CPIAUCSL,MACD_48m,kurtosis_6m
XLE,2023-10-02 00:00:00,causal,ROC_6m,kurtosis_24m,kurtosis_12m,obv,bollinger_low_6,ROC_48m,momentum_diff_ADX_6m_12m,volume,GDP,bollinger_low_3
XLB,2023-10-02 00:00:00,shap,ADX_3m,ROC_48m,ADX_24m,MACD_3m,RSI_3m,ROC_24m,bollinger_low_24,volume,RSI_6m,momentum_diff_ROC_3m_6m
XLI,2023-10-02 00:00:00,shap,skewness_24m,bollinger_high_6,momentum_diff_ROC_12m_24m,MACD_3m,skewness_6m,skewness_48m,bollinger_high_12,RSI_3m,RSI_6m,kurtosis_24m
XLK,2023-10-02 00:00:00,causal,momentum_diff_ROC_12m_24m,bollinger_high_6,bollinger_low_3,UMCSENT,momentum_diff_ROC_3m_6m,bollinger_low_6,skewness_3m,price_oscillator,bollinger_high_12,bollinger_low_12
XLE,2023-10-02 00:00:00,estatico,price_oscillator,MACD_3m,obv,skewness_6m,volume,skewness_3m,bollinger_high_6,CPIAUCSL,MACD_48m,kurtosis_6m
XLB,2023-10-02 00:00:00,selectkbest,skewness_6m,MACD_3m,MACD_6m,MACD_12m,MACD_24m,RSI_48m,MACD_48m,ROC_48m,bollinger_high_24,bollinger_low_24
XLK,2023-10-02 00:00:00,estatico,price_oscillator,MACD_3m,obv,skewness_6m,volume,skewness_3m,bollinger_high_6,CPIAUCSL,MACD_48m,kurtosis_6m
XLK,2023-10-02 00:00:00,shap,momentum_diff_ROC_12m_24m,skewness_6m,bollinger_low_12,ROC_6m,price_oscillator,kurtosis_48m,bollinger_low_6,bollinger_high_6,skewness_3m,MACD_3m
XLE,2023-10-02 00:00:00,selectkbest,high,kurtosis_24m,kurtosis_48m,momentum_diff_ADX_24m_48m,bollinger_high_24,bollinger_low_24,bollinger_high_48,bollinger_low_48,BOPGSTB,UMCSENT
XLK,2023-10-02 00:00:00,selectkbest,skewness_6m,kurtosis_12m,kurtosis_24m,MACD_3m,MACD_6m,MACD_12m,ROC_12m,MACD_24m,MACD_48m,momentum_diff_RSI_24m_48m
XLI,2023-10-02 00:00:00,selectkbest,skewness_6m,kurtosis_6m,MACD_3m,MACD_6m,MACD_12m,MACD_24m,MACD_48m,ROC_48m,momentum_diff_ROC_24m_48m,bollinger_high_12
XLF,2023-10-02 00:00:00,shap,CPIAUCSL,BOPGSTB,price_oscillator,open,volume,kurtosis_24m,ADX_48m,UMCSENT,high,momentum_diff_ROC_24m_48m
XLF,2023-10-02 00:00:00,causal,CPIAUCSL,price_oscillator,adl,bollinger_high_3,momentum_diff_ROC_3m_6m,ADX_6m,UMCSENT,ROC_6m,ADX_24m,BOPGSTB
XLF,2023-10-02 00:00:00,estatico,price_oscillator,MACD_3m,obv,skewness_6m,volume,skewness_3m,bollinger_high_6,CPIAUCSL,MACD_48m,kurtosis_6m
XLP,2023-10-02 00:00:00,shap,bollinger_low_3,MACD_3m,ADX_3m,open,bollinger_low_24,bollinger_low_12,ADX_6m,ROC_6m,kurtosis_12m,volume
XLP,2023-10-02 00:00:00,causal,skewness_3m,bollinger_low_3,bollinger_low_24,price_oscillator,momentum_diff_ROC_6m_12m,MACD_3m,bollinger_low_12,ROC_12m,volume,momentum_diff_RSI_6m_12m
XLP,2023-10-02 00:00:00,estatico,price_oscillator,MACD_3m,obv,skewness_6m,volume,skewness_3m,bollinger_high_6,CPIAUCSL,MACD_48m,kurtosis_6m
XLY,2023-10-02 00:00:00,causal,bollinger_low_6,ROC_12m,UNRATE,bollinger_high_6,bollinger_high_3,ADX_6m,ROC_3m,price_oscillator,ROC_24m,ADX_3m
XLF,2023-10-02 00:00:00,selectkbest,MACD_3m,MACD_6m,MACD_12m,ADX_12m,RSI_24m,MACD_24m,ADX_24m,MACD_48m,bollinger_high_3,bollinger_high_12
XLP,2023-10-02 00:00:00,selectkbest,skewness_3m,kurtosis_24m,MACD_3m,ADX_3m,MACD_6m,MACD_12m,MACD_24m,MACD_48m,momentum_diff_ADX_3m_6m,bollinger_low_3
XLY,2023-10-02 00:00:00,shap,bollinger_high_12,skewness_24m,price_oscillator,RSI_48m,MACD_3m,bollinger_high_6,skewness_6m,RSI_3m,UMCSENT,ADX_3m
XLV,2023-10-02 00:00:00,shap,bollinger_high_3,PPO_3m,low,CPIAUCSL,momentum_diff_ROC_12m_24m,RSI_24m,ROC_24m,ADX_48m,T10Y2Y,UMCSENT
XLV,2023-10-02 00:00:00,estatico,price_oscillator,MACD_3m,obv,skewness_6m,volume,skewness_3m,bollinger_high_6,CPIAUCSL,MACD_48m,kurtosis_6m
XLY,2023-10-02 00:00:00,estatico,price_oscillator,MACD_3m,obv,skewness_6m,volume,skewness_3m,bollinger_high_6,CPIAUCSL,MACD_48m,kurtosis_6m
XLV,2023-10-02 00:00:00,causal,bollinger_high_3,PPO_3m,kurtosis_6m,skewness_24m,ROC_24m,momentum_diff_ROC_12m_24m,skewness_6m,ADX_48m,bollinger_low_6,momentum_diff_RSI_3m_6m
XLY,2023-10-02 00:00:00,selectkbest,MACD_3m,MACD_6m,MACD_12m,ROC_12m,MACD_24m,RSI_48m,MACD_48m,momentum_diff_RSI_24m_48m,momentum_diff_ROC_24m_48m,bollinger_high_12
XLU,2023-10-02 00:00:00,causal,bollinger_high_6,price_oscillator,skewness_3m,momentum_diff_ROC_3m_6m,ROC_12m,momentum_diff_RSI_24m_48m,ADX_3m,MACD_3m,volume,bollinger_high_12
XLV,2023-10-02 00:00:00,selectkbest,MACD_3m,MACD_6m,MACD_12m,MACD_24m,ROC_24m,RSI_48m,MACD_48m,momentum_diff_ROC_12m_24m,momentum_diff_RSI_24m_48m,bollinger_high_3
XLU,2023-10-02 00:00:00,shap,MACD_3m,skewness_3m,momentum_diff_ADX_6m_12m,bollinger_high_6,price_oscillator,CPIAUCSL,momentum_diff_RSI_6m_12m,open,bollinger_low_6,momentum_diff_RSI_3m_6m
IYR,2023-10-02 00:00:00,shap,momentum_diff_ROC_12m_24m,volume,MACD_3m,bollinger_low_3,kurtosis_6m,obv,kurtosis_24m,UNRATE,ADX_24m,momentum_diff_ROC_24m_48m
XLU,2023-10-02 00:00:00,estatico,price_oscillator,MACD_3m,obv,skewness_6m,volume,skewness_3m,bollinger_high_6,CPIAUCSL,MACD_48m,kurtosis_6m
IYR,2023-10-02 00:00:00,causal,CPIAUCSL,momentum_diff_ROC_12m_24m,obv,volume,RSI_24m,bollinger_low_6,skewness_3m,low,bollinger_high_48,ROC_12m
XLU,2023-10-02 00:00:00,selectkbest,skewness_3m,MACD_3m,MACD_6m,MACD_12m,MACD_24m,RSI_48m,MACD_48m,momentum_diff_ROC_3m_6m,momentum_diff_RSI_24m_48m,bollinger_high_6
IYR,2023-10-02 00:00:00,estatico,price_oscillator,MACD_3m,obv,skewness_6m,volume,skewness_3m,bollinger_high_6,CPIAUCSL,MACD_48m,kurtosis_6m
IYR,2023-10-02 00:00:00,selectkbest,skewness_6m,kurtosis_6m,ROC_12m,RSI_24m,MACD_24m,MACD_48m,momentum_diff_ROC_6m_12m,momentum_diff_ROC_12m_24m,price_oscillator,adl
VOX,2023-10-02 00:00:00,causal,skewness_6m,skewness_3m,ADX_12m,momentum_diff_ADX_3m_6m,bollinger_high_12,ADX_24m,kurtosis_12m,ROC_12m,bollinger_low_12,momentum_diff_ROC_6m_12m
VOX,2023-10-02 00:00:00,shap,skewness_6m,ADX_24m,ADX_12m,skewness_3m,momentum_diff_ADX_3m_6m,bollinger_high_12,kurtosis_12m,momentum_diff_RSI_3m_6m,RSI_6m,momentum_diff_ROC_24m_48m
SPY,2023-10-02 00:00:00,shap,bollinger_high_12,skewness_48m,RSI_12m,ADX_48m,kurtosis_6m,volume,MACD_3m,momentum_diff_ROC_3m_6m,price_oscillator,momentum_diff_RSI_24m_48m
VOX,2023-10-02 00:00:00,selectkbest,skewness_3m,skewness_6m,ADX_12m,ADX_24m,ADX_48m,momentum_diff_RSI_3m_6m,momentum_diff_RSI_6m_12m,bollinger_high_6,bollinger_high_12,UNRATE
VOX,2023-10-02 00:00:00,estatico,price_oscillator,MACD_3m,obv,skewness_6m,volume,skewness_3m,bollinger_high_6,CPIAUCSL,MACD_48m,kurtosis_6m
SPY,2023-10-02 00:00:00,estatico,price_oscillator,MACD_3m,obv,skewness_6m,volume,skewness_3m,bollinger_high_6,CPIAUCSL,MACD_48m,kurtosis_6m
SPY,2023-10-02 00:00:00,causal,bollinger_high_12,price_oscillator,skewness_48m,RSI_12m,bollinger_low_6,volume,momentum_diff_ROC_3m_6m,skewness_3m,skewness_12m,kurtosis_24m
SPY,2023-10-02 00:00:00,selectkbest,MACD_3m,MACD_6m,ROC_6m,MACD_12m,MACD_24m,MACD_48m,momentum_diff_ROC_3m_6m,momentum_diff_ROC_6m_12m,momentum_diff_RSI_24m_48m,bollinger_high_12
XLB,2023-11-01 00:00:00,shap,ADX_3m,RSI_3m,ROC_48m,MACD_3m,skewness_6m,ROC_24m,ADX_24m,bollinger_low_6,price_oscillator,bollinger_low_48
XLB,2023-11-01 00:00:00,causal,skewness_6m,bollinger_low_6,ROC_48m,ADX_3m,volume,obv,skewness_3m,skewness_24m,momentum_diff_ROC_3m_6m,ROC_6m
XLE,2023-11-01 00:00:00,shap,price_oscillator,obv,kurtosis_24m,kurtosis_6m,momentum_diff_ROC_12m_24m,bollinger_high_3,kurtosis_12m,volume,RSI_6m,bollinger_high_6
XLB,2023-11-01 00:00:00,estatico,price_oscillator,MACD_3m,obv,skewness_6m,volume,skewness_3m,bollinger_high_6,CPIAUCSL,MACD_48m,kurtosis_6m
XLI,2023-11-01 00:00:00,estatico,price_oscillator,MACD_3m,obv,skewness_6m,volume,skewness_3m,bollinger_high_6,CPIAUCSL,MACD_48m,kurtosis_6m
XLI,2023-11-01 00:00:00,causal,bollinger_high_6,skewness_6m,momentum_diff_ROC_24m_48m,bollinger_high_12,skewness_48m,kurtosis_6m,bollinger_low_12,price_oscillator,kurtosis_12m,bollinger_low_3
XLK,2023-11-01 00:00:00,causal,momentum_diff_ROC_12m_24m,bollinger_high_6,bollinger_low_6,bollinger_low_3,UMCSENT,skewness_3m,bollinger_high_12,momentum_diff_ROC_3m_6m,obv,price_oscillator
XLE,2023-11-01 00:00:00,estatico,price_oscillator,MACD_3m,obv,skewness_6m,volume,skewness_3m,bollinger_high_6,CPIAUCSL,MACD_48m,kurtosis_6m
XLE,2023-11-01 00:00:00,causal,ROC_6m,kurtosis_24m,kurtosis_12m,bollinger_low_6,obv,GDP,momentum_diff_ROC_12m_24m,volume,bollinger_low_3,ROC_48m
XLI,2023-11-01 00:00:00,shap,skewness_24m,kurtosis_24m,bollinger_high_12,momentum_diff_ROC_24m_48m,kurtosis_6m,bollinger_high_6,MACD_3m,momentum_diff_RSI_24m_48m,obv,RSI_3m
XLB,2023-11-01 00:00:00,selectkbest,skewness_6m,MACD_3m,MACD_6m,MACD_12m,MACD_24m,RSI_48m,MACD_48m,ROC_48m,bollinger_high_24,bollinger_low_24
XLK,2023-11-01 00:00:00,shap,momentum_diff_ROC_12m_24m,bollinger_low_12,price_oscillator,ROC_6m,skewness_6m,bollinger_low_6,bollinger_high_12,MACD_3m,momentum_diff_ADX_12m_24m,skewness_3m
XLI,2023-11-01 00:00:00,selectkbest,skewness_6m,kurtosis_6m,MACD_3m,MACD_6m,MACD_12m,MACD_24m,MACD_48m,ROC_48m,momentum_diff_ROC_24m_48m,bollinger_high_12
XLE,2023-11-01 00:00:00,selectkbest,open,high,kurtosis_24m,kurtosis_48m,momentum_diff_ROC_3m_6m,bollinger_high_24,bollinger_low_24,bollinger_high_48,bollinger_low_48,UMCSENT
XLK,2023-11-01 00:00:00,estatico,price_oscillator,MACD_3m,obv,skewness_6m,volume,skewness_3m,bollinger_high_6,CPIAUCSL,MACD_48m,kurtosis_6m
XLK,2023-11-01 00:00:00,selectkbest,skewness_6m,kurtosis_12m,MACD_3m,MACD_6m,MACD_12m,ROC_12m,MACD_24m,MACD_48m,momentum_diff_RSI_24m_48m,adl
XLF,2023-11-01 00:00:00,estatico,price_oscillator,MACD_3m,obv,skewness_6m,volume,skewness_3m,bollinger_high_6,CPIAUCSL,MACD_48m,kurtosis_6m
XLP,2023-11-01 00:00:00,causal,skewness_3m,MACD_3m,bollinger_low_3,open,momentum_diff_ROC_6m_12m,price_oscillator,bollinger_low_12,ROC_12m,bollinger_low_24,momentum_diff_ADX_3m_6m
XLF,2023-11-01 00:00:00,causal,CPIAUCSL,price_oscillator,momentum_diff_ROC_3m_6m,bollinger_high_3,bollinger_low_6,ADX_6m,ADX_24m,kurtosis_6m,BOPGSTB,ROC_6m
XLF,2023-11-01 00:00:00,shap,CPIAUCSL,price_oscillator,open,skewness_3m,ADX_48m,kurtosis_24m,UMCSENT,BOPGSTB,bollinger_high_24,momentum_diff_ROC_3m_6m
XLP,2023-11-01 00:00:00,shap,bollinger_low_3,ADX_3m,MACD_3m,momentum_diff_ADX_3m_6m,bollinger_low_12,kurtosis_12m,ADX_6m,bollinger_high_6,momentum_diff_ROC_6m_12m,volume
XLY,2023-11-01 00:00:00,shap,skewness_24m,PPIACO,RSI_3m,price_oscillator,RSI_48m,skewness_6m,MACD_3m,kurtosis_6m,bollinger_high_12,ADX_48m
XLP,2023-11-01 00:00:00,estatico,price_oscillator,MACD_3m,obv,skewness_6m,volume,skewness_3m,bollinger_high_6,CPIAUCSL,MACD_48m,kurtosis_6m
XLV,2023-11-01 00:00:00,estatico,price_oscillator,MACD_3m,obv,skewness_6m,volume,skewness_3m,bollinger_high_6,CPIAUCSL,MACD_48m,kurtosis_6m
XLY,2023-11-01 00:00:00,causal,bollinger_low_6,ROC_12m,UNRATE,bollinger_high_6,ROC_24m,skewness_24m,ROC_3m,bollinger_high_3,price_oscillator,ADX_3m
XLF,2023-11-01 00:00:00,selectkbest,MACD_3m,MACD_6m,MACD_12m,ADX_12m,RSI_24m,MACD_24m,ADX_24m,MACD_48m,bollinger_high_3,bollinger_high_12
XLY,2023-11-01 00:00:00,selectkbest,kurtosis_6m,MACD_3m,MACD_6m,MACD_12m,ROC_12m,MACD_24m,RSI_48m,MACD_48m,momentum_diff_RSI_24m_48m,momentum_diff_ROC_24m_48m
XLY,2023-11-01 00:00:00,estatico,price_oscillator,MACD_3m,obv,skewness_6m,volume,skewness_3m,bollinger_high_6,CPIAUCSL,MACD_48m,kurtosis_6m
XLV,2023-11-01 00:00:00,shap,bollinger_high_3,price_oscillator,PPO_3m,low,skewness_48m,momentum_diff_ROC_12m_24m,open,momentum_diff_RSI_24m_48m,skewness_6m,MACD_3m
XLV,2023-11-01 00:00:00,causal,bollinger_high_3,PPO_3m,kurtosis_6m,momentum_diff_ROC_12m_24m,ADX_48m,skewness_3m,ROC_24m,momentum_diff_RSI_3m_6m,price_oscillator,volume
XLP,2023-11-01 00:00:00,selectkbest,skewness_3m,kurtosis_24m,MACD_3m,ADX_3m,MACD_6m,MACD_12m,MACD_24m,MACD_48m,momentum_diff_ADX_3m_6m,bollinger_low_3
XLV,2023-11-01 00:00:00,selectkbest,MACD_3m,MACD_6m,MACD_12m,MACD_24m,ROC_24m,RSI_48m,MACD_48m,momentum_diff_ROC_12m_24m,momentum_diff_RSI_24m_48m,bollinger_high_3
XLU,2023-11-01 00:00:00,shap,skewness_3m,bollinger_high_6,MACD_3m,price_oscillator,momentum_diff_ADX_6m_12m,momentum_diff_RSI_24m_48m,momentum_diff_RSI_6m_12m,momentum_diff_ROC_3m_6m,open,bollinger_low_6
XLU,2023-11-01 00:00:00,causal,bollinger_high_6,price_oscillator,skewness_3m,momentum_diff_ROC_3m_6m,ROC_12m,momentum_diff_RSI_24m_48m,ADX_3m,FEDFUNDS,MACD_3m,volume
IYR,2023-11-01 00:00:00,causal,CPIAUCSL,obv,momentum_diff_ROC_12m_24m,bollinger_low_6,volume,bollinger_high_3,bollinger_high_48,RSI_24m,ROC_6m,price_oscillator
IYR,2023-11-01 00:00:00,shap,volume,momentum_diff_ROC_12m_24m,bollinger_low_3,kurtosis_24m,MACD_3m,kurtosis_6m,BOPGSTB,obv,RSI_24m,ADX_24m
XLU,2023-11-01 00:00:00,estatico,price_oscillator,MACD_3m,obv,skewness_6m,volume,skewness_3m,bollinger_high_6,CPIAUCSL,MACD_48m,kurtosis_6m
IYR,2023-11-01 00:00:00,estatico,price_oscillator,MACD_3m,obv,skewness_6m,volume,skewness_3m,bollinger_high_6,CPIAUCSL,MACD_48m,kurtosis_6m
SPY,2023-11-01 00:00:00,shap,bollinger_high_12,skewness_48m,ADX_48m,kurtosis_6m,MACD_3m,volume,RSI_12m,momentum_diff_ROC_3m_6m,skewness_3m,obv
VOX,2023-11-01 00:00:00,shap,skewness_6m,ADX_12m,skewness_3m,ADX_24m,momentum_diff_ADX_3m_6m,obv,momentum_diff_ROC_24m_48m,kurtosis_12m,kurtosis_6m,momentum_diff_RSI_3m_6m
VOX,2023-11-01 00:00:00,estatico,price_oscillator,MACD_3m,obv,skewness_6m,volume,skewness_3m,bollinger_high_6,CPIAUCSL,MACD_48m,kurtosis_6m
XLU,2023-11-01 00:00:00,selectkbest,skewness_3m,MACD_3m,MACD_6m,MACD_12m,MACD_24m,RSI_48m,MACD_48m,momentum_diff_ROC_3m_6m,momentum_diff_RSI_24m_48m,bollinger_high_6
VOX,2023-11-01 00:00:00,causal,skewness_6m,bollinger_high_12,skewness_3m,UMCSENT,kurtosis_12m,ADX_24m,bollinger_low_12,momentum_diff_ROC_6m_12m,momentum_diff_ADX_3m_6m,momentum_diff_RSI_6m_12m
IYR,2023-11-01 00:00:00,selectkbest,skewness_6m,kurtosis_6m,ROC_12m,RSI_24m,momentum_diff_ROC_6m_12m,momentum_diff_ROC_12m_24m,bollinger_high_12,bollinger_high_24,price_oscillator,adl
SPY,2023-11-01 00:00:00,causal,bollinger_high_12,bollinger_low_6,price_oscillator,RSI_12m,skewness_48m,ADX_48m,momentum_diff_ROC_3m_6m,volume,kurtosis_24m,momentum_diff_ROC_6m_12m
VOX,2023-11-01 00:00:00,selectkbest,skewness_3m,skewness_6m,ROC_6m,ADX_12m,ADX_24m,ADX_48m,momentum_diff_RSI_6m_12m,bollinger_high_6,bollinger_high_12,UNRATE
SPY,2023-11-01 00:00:00,selectkbest,MACD_3m,MACD_6m,ROC_6m,MACD_12m,MACD_24m,MACD_48m,momentum_diff_ROC_3m_6m,momentum_diff_ROC_6m_12m,momentum_diff_RSI_24m_48m,bollinger_high_12
SPY,2023-11-01 00:00:00,estatico,price_oscillator,MACD_3m,obv,skewness_6m,volume,skewness_3m,bollinger_high_6,CPIAUCSL,MACD_48m,kurtosis_6m
XLB,2023-12-01 00:00:00,shap,MACD_3m,RSI_3m,ROC_48m,ADX_3m,bollinger_low_6,momentum_diff_RSI_3m_6m,ADX_24m,skewness_6m,obv,ADX_12m
XLB,2023-12-01 00:00:00,causal,skewness_6m,ROC_48m,bollinger_low_6,volume,obv,ADX_3m,skewness_3m,PPO_3m,ADX_6m,momentum_diff_ROC_3m_6m
XLE,2023-12-01 00:00:00,shap,price_oscillator,kurtosis_6m,kurtosis_12m,bollinger_high_3,kurtosis_24m,high,volume,ADX_12m,skewness_6m,bollinger_high_6
XLB,2023-12-01 00:00:00,estatico,price_oscillator,MACD_3m,obv,skewness_6m,volume,skewness_3m,bollinger_high_6,CPIAUCSL,MACD_48m,kurtosis_6m
XLK,2023-12-01 00:00:00,causal,momentum_diff_ROC_12m_24m,bollinger_high_6,bollinger_low_3,UMCSENT,obv,skewness_3m,bollinger_high_12,momentum_diff_ROC_24m_48m,momentum_diff_ADX_12m_24m,momentum_diff_ROC_3m_6m
XLI,2023-12-01 00:00:00,causal,momentum_diff_ROC_24m_48m,skewness_6m,bollinger_low_6,bollinger_low_3,bollinger_high_12,skewness_48m,bollinger_high_6,kurtosis_6m,PPO_3m,price_oscillator
XLE,2023-12-01 00:00:00,selectkbest,open,high,kurtosis_24m,kurtosis_48m,momentum_diff_ROC_3m_6m,bollinger_high_24,bollinger_low_24,bollinger_high_48,bollinger_low_48,UMCSENT
XLI,2023-12-01 00:00:00,shap,skewness_24m,bollinger_high_12,momentum_diff_ROC_24m_48m,RSI_12m,volume,MACD_3m,bollinger_high_6,skewness_48m,RSI_3m,momentum_diff_ROC_3m_6m
XLE,2023-12-01 00:00:00,causal,kurtosis_24m,ROC_6m,volume,ROC_48m,obv,GDP,kurtosis_12m,ROC_12m,bollinger_low_6,momentum_diff_ROC_12m_24m
XLI,2023-12-01 00:00:00,estatico,price_oscillator,MACD_3m,obv,skewness_6m,volume,skewness_3m,bollinger_high_6,CPIAUCSL,MACD_48m,kurtosis_6m
XLK,2023-12-01 00:00:00,shap,momentum_diff_ROC_12m_24m,bollinger_low_12,ROC_6m,skewness_6m,bollinger_high_12,price_oscillator,bollinger_high_6,MACD_3m,bollinger_high_48,RSI_3m
XLE,2023-12-01 00:00:00,estatico,price_oscillator,MACD_3m,obv,skewness_6m,volume,skewness_3m,bollinger_high_6,CPIAUCSL,MACD_48m,kurtosis_6m
XLB,2023-12-01 00:00:00,selectkbest,skewness_6m,MACD_3m,MACD_6m,MACD_12m,MACD_24m,RSI_48m,MACD_48m,momentum_diff_RSI_24m_48m,bollinger_high_24,bollinger_low_24
XLK,2023-12-01 00:00:00,estatico,price_oscillator,MACD_3m,obv,skewness_6m,volume,skewness_3m,bollinger_high_6,CPIAUCSL,MACD_48m,kurtosis_6m
XLI,2023-12-01 00:00:00,selectkbest,skewness_6m,kurtosis_6m,MACD_3m,MACD_6m,MACD_12m,MACD_24m,MACD_48m,ROC_48m,momentum_diff_ROC_24m_48m,bollinger_high_12
XLK,2023-12-01 00:00:00,selectkbest,skewness_6m,kurtosis_12m,MACD_3m,MACD_6m,MACD_12m,ROC_12m,MACD_24m,MACD_48m,momentum_diff_RSI_24m_48m,momentum_diff_ADX_24m_48m
XLF,2023-12-01 00:00:00,causal,CPIAUCSL,price_oscillator,momentum_diff_ROC_3m_6m,bollinger_high_3,bollinger_low_12,bollinger_high_6,BOPGSTB,adl,bollinger_low_24,ADX_6m
XLF,2023-12-01 00:00:00,shap,CPIAUCSL,open,skewness_3m,bollinger_low_24,ADX_24m,momentum_diff_ROC_3m_6m,bollinger_high_24,volume,price_oscillator,ADX_48m
XLF,2023-12-01 00:00:00,estatico,price_oscillator,MACD_3m,obv,skewness_6m,volume,skewness_3m,bollinger_high_6,CPIAUCSL,MACD_48m,kurtosis_6m
XLP,2023-12-01 00:00:00,shap,bollinger_low_3,MACD_3m,ADX_3m,bollinger_low_24,bollinger_low_12,open,ADX_6m,ROC_6m,momentum_diff_ADX_6m_12m,price_oscillator
XLP,2023-12-01 00:00:00,causal,skewness_3m,bollinger_low_24,bollinger_low_3,MACD_3m,momentum_diff_ROC_6m_12m,low,momentum_diff_ADX_3m_6m,RSI_6m,price_oscillator,volume
XLP,2023-12-01 00:00:00,estatico,price_oscillator,MACD_3m,obv,skewness_6m,volume,skewness_3m,bollinger_high_6,CPIAUCSL,MACD_48m,kurtosis_6m
XLY,2023-12-01 00:00:00,shap,skewness_24m,ROC_12m,PPIACO,price_oscillator,skewness_6m,ADX_3m,RSI_3m,MACD_3m,bollinger_high_3,UMCSENT
XLV,2023-12-01 00:00:00,shap,bollinger_high_3,PPO_3m,low,momentum_diff_ROC_12m_24m,price_oscillator,skewness_3m,skewness_48m,ROC_24m,UMCSENT,ADX_48m
XLY,2023-12-01 00:00:00,estatico,price_oscillator,MACD_3m,obv,skewness_6m,volume,skewness_3m,bollinger_high_6,CPIAUCSL,MACD_48m,kurtosis_6m
XLY,2023-12-01 00:00:00,causal,ROC_12m,bollinger_high_3,bollinger_low_6,ROC_3m,bollinger_high_6,ROC_24m,UNRATE,momentum_diff_ROC_3m_6m,ADX_6m,bollinger_low_12
XLF,2023-12-01 00:00:00,selectkbest,MACD_3m,MACD_6m,MACD_12m,ADX_12m,RSI_24m,MACD_24m,ADX_24m,MACD_48m,bollinger_high_12,price_oscillator
XLY,2023-12-01 00:00:00,selectkbest,MACD_3m,MACD_6m,MACD_12m,ROC_12m,MACD_24m,RSI_48m,MACD_48m,momentum_diff_RSI_24m_48m,momentum_diff_ROC_24m_48m,bollinger_high_12
XLP,2023-12-01 00:00:00,selectkbest,skewness_3m,kurtosis_24m,MACD_3m,ADX_3m,MACD_6m,MACD_12m,MACD_24m,MACD_48m,momentum_diff_ADX_3m_6m,bollinger_low_3
XLV,2023-12-01 00:00:00,causal,bollinger_high_3,PPO_3m,kurtosis_6m,momentum_diff_ROC_12m_24m,ADX_48m,skewness_3m,price_oscillator,skewness_6m,kurtosis_24m,ROC_24m
XLU,2023-12-01 00:00:00,causal,bollinger_high_6,skewness_3m,price_oscillator,momentum_diff_ROC_3m_6m,MACD_3m,bollinger_high_12,ROC_12m,ADX_3m,FEDFUNDS,momentum_diff_RSI_24m_48m
XLU,2023-12-01 00:00:00,shap,skewness_3m,MACD_3m,momentum_diff_ADX_6m_12m,bollinger_high_6,price_oscillator,momentum_diff_ROC_3m_6m,momentum_diff_RSI_6m_12m,skewness_6m,open,obv
IYR,2023-12-01 00:00:00,shap,momentum_diff_ROC_12m_24m,volume,MACD_3m,bollinger_low_3,kurtosis_24m,obv,kurtosis_6m,BOPGSTB,momentum_diff_ADX_3m_6m,ADX_24m
XLV,2023-12-01 00:00:00,estatico,price_oscillator,MACD_3m,obv,skewness_6m,volume,skewness_3m,bollinger_high_6,CPIAUCSL,MACD_48m,kurtosis_6m
IYR,2023-12-01 00:00:00,causal,CPIAUCSL,obv,momentum_diff_ROC_12m_24m,volume,ROC_6m,RSI_24m,price_oscillator,bollinger_low_6,bollinger_high_3,ROC_12m
IYR,2023-12-01 00:00:00,estatico,price_oscillator,MACD_3m,obv,skewness_6m,volume,skewness_3m,bollinger_high_6,CPIAUCSL,MACD_48m,kurtosis_6m
XLV,2023-12-01 00:00:00,selectkbest,MACD_3m,MACD_6m,MACD_12m,MACD_24m,ROC_24m,RSI_48m,MACD_48m,momentum_diff_ROC_12m_24m,momentum_diff_RSI_24m_48m,bollinger_high_3
XLU,2023-12-01 00:00:00,estatico,price_oscillator,MACD_3m,obv,skewness_6m,volume,skewness_3m,bollinger_high_6,CPIAUCSL,MACD_48m,kurtosis_6m
XLU,2023-12-01 00:00:00,selectkbest,skewness_3m,MACD_3m,MACD_6m,MACD_12m,MACD_24m,RSI_48m,MACD_48m,momentum_diff_ROC_3m_6m,momentum_diff_RSI_24m_48m,bollinger_high_6
VOX,2023-12-01 00:00:00,causal,skewness_6m,ADX_12m,skewness_3m,kurtosis_12m,ADX_24m,momentum_diff_ADX_3m_6m,bollinger_high_12,price_oscillator,momentum_diff_ROC_6m_12m,kurtosis_6m
IYR,2023-12-01 00:00:00,selectkbest,skewness_6m,kurtosis_6m,MACD_6m,MACD_12m,ROC_12m,RSI_24m,MACD_24m,momentum_diff_ROC_6m_12m,momentum_diff_ROC_12m_24m,price_oscillator
SPY,2023-12-01 00:00:00,shap,bollinger_high_12,skewness_48m,MACD_3m,bollinger_low_6,bollinger_high_3,ADX_48m,momentum_diff_ROC_3m_6m,price_oscillator,kurtosis_6m,skewness_3m
VOX,2023-12-01 00:00:00,selectkbest,skewness_3m,skewness_6m,ADX_12m,ADX_24m,ADX_48m,momentum_diff_RSI_3m_6m,momentum_diff_RSI_6m_12m,bollinger_high_6,bollinger_high_12,UNRATE
VOX,2023-12-01 00:00:00,estatico,price_oscillator,MACD_3m,obv,skewness_6m,volume,skewness_3m,bollinger_high_6,CPIAUCSL,MACD_48m,kurtosis_6m
VOX,2023-12-01 00:00:00,shap,skewness_6m,ADX_12m,ADX_24m,obv,momentum_diff_RSI_3m_6m,volume,momentum_diff_ADX_3m_6m,skewness_3m,momentum_diff_ROC_24m_48m,kurtosis_12m
SPY,2023-12-01 00:00:00,estatico,price_oscillator,MACD_3m,obv,skewness_6m,volume,skewness_3m,bollinger_high_6,CPIAUCSL,MACD_48m,kurtosis_6m
SPY,2023-12-01 00:00:00,causal,bollinger_high_12,price_oscillator,bollinger_low_6,momentum_diff_ROC_3m_6m,RSI_12m,ADX_48m,skewness_48m,volume,skewness_3m,kurtosis_24m
SPY,2023-12-01 00:00:00,selectkbest,MACD_3m,MACD_6m,ROC_6m,MACD_12m,MACD_24m,MACD_48m,momentum_diff_ROC_3m_6m,momentum_diff_ROC_6m_12m,momentum_diff_RSI_24m_48m,bollinger_high_12
XLB,2024-01-02 00:00:00,shap,bollinger_low_24,ADX_3m,obv,MACD_3m,RSI_3m,volume,bollinger_low_6,ADX_24m,ROC_48m,skewness_6m
XLB,2024-01-02 00:00:00,causal,ROC_48m,skewness_6m,bollinger_low_6,PPO_3m,volume,momentum_diff_ROC_3m_6m,obv,ADX_3m,skewness_24m,bollinger_low_24
XLE,2024-01-02 00:00:00,shap,price_oscillator,kurtosis_6m,kurtosis_12m,kurtosis_24m,bollinger_high_3,skewness_6m,open,obv,volume,high
XLE,2024-01-02 00:00:00,causal,kurtosis_24m,obv,ROC_6m,kurtosis_12m,ROC_48m,momentum_diff_ROC_12m_24m,volume,momentum_diff_ADX_6m_12m,month,kurtosis_6m
XLI,2024-01-02 00:00:00,estatico,price_oscillator,MACD_3m,obv,skewness_6m,volume,skewness_3m,bollinger_high_6,CPIAUCSL,MACD_48m,kurtosis_6m
XLB,2024-01-02 00:00:00,estatico,price_oscillator,MACD_3m,obv,skewness_6m,volume,skewness_3m,bollinger_high_6,CPIAUCSL,MACD_48m,kurtosis_6m
XLK,2024-01-02 00:00:00,estatico,price_oscillator,MACD_3m,obv,skewness_6m,volume,skewness_3m,bollinger_high_6,CPIAUCSL,MACD_48m,kurtosis_6m
XLE,2024-01-02 00:00:00,estatico,price_oscillator,MACD_3m,obv,skewness_6m,volume,skewness_3m,bollinger_high_6,CPIAUCSL,MACD_48m,kurtosis_6m
XLI,2024-01-02 00:00:00,shap,bollinger_high_6,skewness_24m,kurtosis_6m,price_oscillator,skewness_6m,momentum_diff_ROC_24m_48m,MACD_3m,momentum_diff_RSI_24m_48m,bollinger_low_3,UMCSENT
XLI,2024-01-02 00:00:00,causal,skewness_6m,momentum_diff_ROC_24m_48m,price_oscillator,bollinger_high_6,CPIAUCSL,bollinger_high_12,skewness_12m,bollinger_low_6,kurtosis_6m,bollinger_low_3
XLI,2024-01-02 00:00:00,selectkbest,skewness_6m,kurtosis_6m,MACD_3m,MACD_6m,MACD_12m,MACD_24m,MACD_48m,ROC_48m,momentum_diff_ROC_24m_48m,bollinger_low_24
XLB,2024-01-02 00:00:00,selectkbest,skewness_6m,MACD_3m,MACD_6m,MACD_12m,MACD_24m,RSI_48m,MACD_48m,momentum_diff_RSI_24m_48m,bollinger_high_24,bollinger_low_24
XLE,2024-01-02 00:00:00,selectkbest,open,high,kurtosis_24m,kurtosis_48m,momentum_diff_ROC_3m_6m,bollinger_high_24,bollinger_low_24,bollinger_high_48,bollinger_low_48,UMCSENT
XLK,2024-01-02 00:00:00,shap,momentum_diff_ROC_12m_24m,bollinger_high_12,bollinger_high_6,bollinger_low_12,ROC_6m,BOPGSTB,price_oscillator,bollinger_low_3,MACD_3m,bollinger_low_6
XLK,2024-01-02 00:00:00,causal,momentum_diff_ROC_12m_24m,bollinger_high_6,bollinger_low_3,UMCSENT,momentum_diff_ADX_12m_24m,price_oscillator,bollinger_high_12,obv,momentum_diff_ROC_3m_6m,momentum_diff_ROC_24m_48m
XLF,2024-01-02 00:00:00,shap,CPIAUCSL,bollinger_low_24,open,skewness_3m,ADX_24m,ADX_48m,momentum_diff_ROC_3m_6m,volume,ADX_3m,price_oscillator
XLK,2024-01-02 00:00:00,selectkbest,skewness_6m,kurtosis_12m,kurtosis_24m,MACD_3m,MACD_6m,MACD_12m,ROC_12m,MACD_24m,MACD_48m,momentum_diff_ADX_24m_48m
XLP,2024-01-02 00:00:00,shap,bollinger_low_3,ADX_3m,bollinger_low_12,MACD_3m,bollinger_low_24,open,ADX_6m,bollinger_high_6,kurtosis_12m,price_oscillator
XLF,2024-01-02 00:00:00,causal,CPIAUCSL,price_oscillator,ADX_24m,momentum_diff_ROC_3m_6m,adl,ROC_6m,bollinger_low_24,BOPGSTB,bollinger_high_3,skewness_3m
XLF,2024-01-02 00:00:00,estatico,price_oscillator,MACD_3m,obv,skewness_6m,volume,skewness_3m,bollinger_high_6,CPIAUCSL,MACD_48m,kurtosis_6m
XLP,2024-01-02 00:00:00,causal,skewness_3m,bollinger_low_24,bollinger_low_3,bollinger_low_12,price_oscillator,MACD_3m,momentum_diff_ADX_3m_6m,momentum_diff_ROC_6m_12m,skewness_48m,volume
XLF,2024-01-02 00:00:00,selectkbest,MACD_3m,MACD_6m,MACD_12m,ADX_12m,RSI_24m,MACD_24m,ADX_24m,MACD_48m,bollinger_high_12,price_oscillator
XLY,2024-01-02 00:00:00,shap,skewness_24m,PPIACO,price_oscillator,ROC_12m,bollinger_high_6,skewness_6m,RSI_48m,bollinger_high_3,RSI_3m,kurtosis_6m
XLP,2024-01-02 00:00:00,estatico,price_oscillator,MACD_3m,obv,skewness_6m,volume,skewness_3m,bollinger_high_6,CPIAUCSL,MACD_48m,kurtosis_6m
XLY,2024-01-02 00:00:00,causal,ROC_12m,ROC_24m,bollinger_high_3,ADX_3m,bollinger_low_6,bollinger_low_12,ROC_3m,kurtosis_6m,CPIAUCSL,UNRATE
XLY,2024-01-02 00:00:00,estatico,price_oscillator,MACD_3m,obv,skewness_6m,volume,skewness_3m,bollinger_high_6,CPIAUCSL,MACD_48m,kurtosis_6m
XLV,2024-01-02 00:00:00,shap,bollinger_high_3,momentum_diff_ROC_12m_24m,PPO_3m,price_oscillator,low,skewness_48m,ADX_48m,skewness_3m,skewness_24m,ROC_6m
XLV,2024-01-02 00:00:00,causal,bollinger_high_3,PPO_3m,kurtosis_6m,skewness_3m,momentum_diff_ROC_12m_24m,ADX_48m,skewness_6m,price_oscillator,momentum_diff_RSI_3m_6m,bollinger_high_12
XLP,2024-01-02 00:00:00,selectkbest,skewness_3m,kurtosis_24m,MACD_3m,ADX_3m,MACD_6m,MACD_12m,MACD_24m,MACD_48m,momentum_diff_ADX_3m_6m,bollinger_low_3
XLU,2024-01-02 00:00:00,shap,bollinger_high_6,skewness_3m,momentum_diff_ADX_6m_12m,MACD_3m,open,price_oscillator,ADX_3m,momentum_diff_ROC_3m_6m,bollinger_low_6,volume
XLY,2024-01-02 00:00:00,selectkbest,MACD_3m,MACD_6m,MACD_12m,ROC_12m,MACD_24m,RSI_48m,MACD_48m,momentum_diff_RSI_24m_48m,momentum_diff_ROC_24m_48m,bollinger_high_12
XLV,2024-01-02 00:00:00,estatico,price_oscillator,MACD_3m,obv,skewness_6m,volume,skewness_3m,bollinger_high_6,CPIAUCSL,MACD_48m,kurtosis_6m
XLV,2024-01-02 00:00:00,selectkbest,MACD_3m,MACD_6m,MACD_12m,MACD_24m,ROC_24m,RSI_48m,MACD_48m,momentum_diff_ROC_12m_24m,momentum_diff_RSI_24m_48m,bollinger_high_3
XLU,2024-01-02 00:00:00,causal,bollinger_high_6,price_oscillator,skewness_3m,momentum_diff_ROC_3m_6m,ROC_12m,MACD_3m,momentum_diff_RSI_24m_48m,ADX_3m,bollinger_high_12,momentum_diff_ADX_6m_12m
IYR,2024-01-02 00:00:00,shap,momentum_diff_ROC_12m_24m,obv,MACD_3m,bollinger_low_3,volume,momentum_diff_ROC_24m_48m,kurtosis_6m,BOPGSTB,ROC_12m,ROC_6m
IYR,2024-01-02 00:00:00,causal,CPIAUCSL,obv,momentum_diff_ROC_12m_24m,volume,ROC_6m,RSI_24m,price_oscillator,bollinger_low_6,ROC_12m,low
XLU,2024-01-02 00:00:00,selectkbest,skewness_3m,MACD_3m,MACD_6m,MACD_12m,MACD_24m,RSI_48m,MACD_48m,momentum_diff_ROC_3m_6m,momentum_diff_RSI_24m_48m,bollinger_high_6
XLU,2024-01-02 00:00:00,estatico,price_oscillator,MACD_3m,obv,skewness_6m,volume,skewness_3m,bollinger_high_6,CPIAUCSL,MACD_48m,kurtosis_6m
VOX,2024-01-02 00:00:00,shap,skewness_6m,ADX_12m,ADX_24m,momentum_diff_ADX_3m_6m,skewness_3m,momentum_diff_ROC_24m_48m,kurtosis_12m,volume,adl,bollinger_high_12
IYR,2024-01-02 00:00:00,estatico,price_oscillator,MACD_3m,obv,skewness_6m,volume,skewness_3m,bollinger_high_6,CPIAUCSL,MACD_48m,kurtosis_6m
IYR,2024-01-02 00:00:00,selectkbest,skewness_6m,kurtosis_6m,MACD_12m,ROC_12m,RSI_24m,MACD_24m,momentum_diff_ROC_6m_12m,momentum_diff_ROC_12m_24m,price_oscillator,adl
VOX,2024-01-02 00:00:00,selectkbest,skewness_3m,skewness_6m,ROC_6m,ADX_12m,ADX_24m,ADX_48m,momentum_diff_RSI_6m_12m,bollinger_high_6,bollinger_high_12,UNRATE
SPY,2024-01-02 00:00:00,shap,bollinger_high_12,skewness_48m,MACD_3m,price_oscillator,ADX_48m,RSI_12m,kurtosis_6m,bollinger_high_6,kurtosis_24m,obv
VOX,2024-01-02 00:00:00,causal,skewness_6m,bollinger_high_12,ADX_12m,skewness_3m,momentum_diff_ADX_3m_6m,kurtosis_12m,MACD_3m,UMCSENT,ROC_12m,price_oscillator
SPY,2024-01-02 00:00:00,estatico,price_oscillator,MACD_3m,obv,skewness_6m,volume,skewness_3m,bollinger_high_6,CPIAUCSL,MACD_48m,kurtosis_6m
VOX,2024-01-02 00:00:00,estatico,price_oscillator,MACD_3m,obv,skewness_6m,volume,skewness_3m,bollinger_high_6,CPIAUCSL,MACD_48m,kurtosis_6m
SPY,2024-01-02 00:00:00,causal,bollinger_high_12,price_oscillator,skewness_48m,RSI_12m,volume,momentum_diff_ROC_3m_6m,skewness_3m,kurtosis_24m,ADX_48m,bollinger_low_6
SPY,2024-01-02 00:00:00,selectkbest,MACD_3m,MACD_6m,ROC_6m,MACD_12m,MACD_24m,MACD_48m,momentum_diff_ROC_3m_6m,momentum_diff_ROC_6m_12m,momentum_diff_RSI_24m_48m,bollinger_high_12
